# -*- coding: utf-8 -*-

# Resource object code
#
# Created: Thu Feb 13 10:01:49 2020
#      by: The Resource Compiler for PyQt (Qt v4.8.5)
#
# WARNING! All changes made in this file will be lost!

from PyQt4 import QtCore

qt_resource_data = "\
\x00\x00\x82\x6b\
\x89\
\x50\x4e\x47\x0d\x0a\x1a\x0a\x00\x00\x00\x0d\x49\x48\x44\x52\x00\
\x00\x02\x88\x00\x00\x01\xec\x08\x06\x00\x00\x00\x51\xc4\x5c\x6b\
\x00\x00\x00\x06\x62\x4b\x47\x44\x00\xff\x00\xff\x00\xff\xa0\xbd\
\xa7\x93\x00\x00\x00\x09\x70\x48\x59\x73\x00\x00\x2e\x23\x00\x00\
\x2e\x23\x01\x78\xa5\x3f\x76\x00\x00\x00\x07\x74\x49\x4d\x45\x07\
\xe3\x09\x0c\x13\x23\x37\x03\xb6\xd1\x02\x00\x00\x00\x1d\x69\x54\
\x58\x74\x43\x6f\x6d\x6d\x65\x6e\x74\x00\x00\x00\x00\x00\x43\x72\
\x65\x61\x74\x65\x64\x20\x77\x69\x74\x68\x20\x47\x49\x4d\x50\x64\
\x2e\x65\x07\x00\x00\x20\x00\x49\x44\x41\x54\x78\xda\xec\xdd\x77\
\x7c\x14\xd5\xde\x06\xf0\x67\x66\x37\xbd\x90\x90\x0a\x24\xd4\x20\
\x04\x48\xa4\x08\xd2\x14\x69\xa1\x89\x85\x26\x76\x41\x9a\xc0\xe5\
\x0a\x57\xc1\x86\x20\x20\x45\xc5\x42\x40\xa5\xe9\xab\xd7\x4b\xc4\
\x72\x0d\xc8\x45\x11\x41\x40\x08\x28\x28\x10\x92\x40\xe8\x09\x25\
\x04\xd2\xfb\x26\xbb\x33\xef\x1f\x9b\x84\x04\x02\x64\x67\xfb\xee\
\xf3\xbd\x9f\xfd\xdc\x18\x72\x66\x77\x7f\x33\xbb\xfb\xec\x99\x39\
\xe7\x08\xb2\x2c\xcb\x20\x22\x22\x22\x22\xaa\x24\xb2\x04\x44\x44\
\x44\x44\xc4\x80\x48\x44\x44\x44\x44\x0c\x88\x44\x44\x44\x44\xc4\
\x80\x48\x44\x44\x44\x44\x0c\x88\x44\x44\x44\x44\xc4\x80\x48\x44\
\x44\x44\x44\x0c\x88\x44\x44\x44\x44\xc4\x80\x48\x44\x44\x44\x44\
\x0c\x88\x44\x44\x44\x44\xc4\x80\x48\x44\x44\x44\x44\x0c\x88\x44\
\x44\x44\x44\xc4\x80\x48\x44\x44\x44\x44\x0c\x88\x44\x44\x44\x44\
\xc4\x80\x48\x44\x44\x44\x44\x0c\x88\x44\x44\x44\x44\xc4\x80\x48\
\x44\x44\x44\x44\x0c\x88\x44\x44\x44\x44\xc4\x80\x48\x44\x44\x44\
\x44\x0c\x88\x44\x44\x44\x44\xc4\x80\x48\x44\x44\x44\x44\xc4\x80\
\x48\x44\x44\x44\x44\x0c\x88\x44\x44\x44\x44\xc4\x80\x48\x44\x44\
\x44\x44\x0c\x88\x44\x44\x44\x44\xc4\x80\x48\x44\x44\x44\x44\x0c\
\x88\x44\x44\x44\x44\xc4\x80\x48\x44\x44\x44\x44\x0c\x88\x44\x44\
\x44\x44\xc4\x80\x48\x44\x44\x44\x44\x0c\x88\x44\x44\x44\x44\xc4\
\x80\x48\x44\x44\x44\x44\x0c\x88\x44\x44\x44\x44\xc4\x80\x48\x44\
\x44\x44\x44\x0c\x88\x44\x44\x44\x44\xc4\x80\x48\x44\x44\x44\x44\
\x0c\x88\x44\x44\x44\x44\xc4\x80\x48\x44\x44\x44\x44\x0c\x88\x44\
\x44\x44\x44\xc4\x80\x48\x44\x44\x44\x44\x0c\x88\x44\x44\x44\x44\
\x44\x0c\x88\x44\x44\x44\x44\xc4\x80\x48\x44\x44\x44\x44\x0c\x88\
\x44\x44\x44\x44\xc4\x80\x48\x44\x44\x44\x44\x0c\x88\x44\x44\x44\
\x44\xc4\x80\x48\x44\x44\x44\x44\x0c\x88\x44\x44\x44\x44\xc4\x80\
\x48\x44\x44\x44\x44\x0c\x88\x44\x44\x44\x44\xc4\x80\x48\x44\x44\
\x44\x44\x0c\x88\x44\x44\x44\x44\xc4\x80\x48\x44\x44\x44\x44\x0c\
\x88\x44\x44\x44\x44\xc4\x80\x48\x44\x44\x44\x44\x76\x4b\xcd\x12\
\x10\xd5\x93\x2c\x43\xd2\x49\x80\x2c\x03\x02\x00\x99\x25\x31\x99\
\xaa\x7a\x0a\x80\x20\x08\x10\x44\x11\x10\x04\xd6\x85\x88\x88\x01\
\x91\xc8\x46\x73\x21\x00\x41\x92\x50\x5e\x54\x8c\xb2\x6b\xd9\xd0\
\x15\x95\x00\x2a\x15\x64\x48\x95\xc9\x06\xd7\xd3\x0d\x29\xcc\x87\
\x02\x64\xc8\x10\x00\xb8\x78\x7b\xc1\x2d\x28\x00\x2e\x5e\x9e\xf5\
\x6a\x7b\xf9\xf2\x65\xec\xdf\xbf\x5f\x1f\x2c\x05\x01\xa2\x28\xd6\
\xf9\xb3\x60\x81\xc0\x29\x8a\x22\xd4\x6a\x35\x54\x2a\x15\xd4\x6a\
\x75\xad\x9f\xdd\xdd\xdd\xe1\xee\xee\x0e\x0f\x0f\x8f\xea\x9f\xdd\
\xdc\xdc\xb8\xf3\x15\x3a\x7a\xf4\x28\x4e\x9f\x3e\x5d\x6b\xff\x2a\
\xdd\xcf\xed\xda\xb5\x43\x44\x44\x04\x8b\x6a\x87\xca\xca\xca\xb0\
\x6d\xdb\x36\xc8\xb2\x7c\xd3\x4d\x89\x51\xa3\x46\xb1\xa8\x0c\x88\
\x44\xf5\x0d\x2f\x80\x56\x53\x8e\x82\x53\x67\x71\x79\xe7\x1e\xe4\
\x9f\x38\x01\xc1\xdd\x03\x92\xac\x83\xc8\xab\x34\x4c\x53\x63\x41\
\x80\x2c\xeb\x03\xa2\x7f\xfb\x76\x68\x32\xa0\x0f\x7c\x23\x5a\x42\
\x50\xdd\xb9\xbe\x3f\xfe\xf8\x23\xa6\x4c\x99\x62\x97\xcf\x5b\xa5\
\x52\x21\x30\x30\x10\x01\x01\x01\xd5\xb7\xa0\xa0\x20\x84\x85\x85\
\x21\x2c\x2c\x0c\xe1\xe1\xe1\x08\x0b\x0b\x43\x64\x64\x24\x0f\x92\
\x1b\x7c\xfb\xed\xb7\x78\xfb\xed\xb7\x4d\xb2\xad\x87\x1f\x7e\x18\
\xf1\xf1\xf1\x2c\xaa\x1d\x5a\xba\x74\x29\xde\x7a\xeb\x2d\x93\x6c\
\x2b\x32\x32\x92\x01\x91\x01\x91\xc8\x30\x72\x85\x16\x85\x67\xd3\
\x90\xfe\xf3\x4f\xc8\xf8\x2b\x01\xa2\xda\x85\x45\x31\x75\x8d\x21\
\x43\x90\x81\xf0\x3e\x03\xe1\x77\x57\x6b\xf8\xb4\x6a\x0e\xc1\xc1\
\x03\xb8\x4e\xa7\x43\x66\x66\x26\x32\x33\x33\x6f\xfb\x77\x0d\x1b\
\x36\x44\xf7\xee\xdd\xab\x6f\xbd\x7b\xf7\x86\x87\x87\x07\x0f\x1a\
\x13\xd9\xb4\x69\x13\xd2\xd3\xd3\xd1\xb4\x69\x53\x16\xc3\xce\xac\
\x5a\xb5\x8a\x45\x60\x40\x24\xb2\xa2\xca\x1e\x2e\x40\xd6\x5f\x83\
\x28\xf3\x02\x44\x93\x97\x58\x96\xf5\xa7\xee\x65\xa9\xea\x37\x2c\
\x4a\xa5\x9c\x9c\x1c\x6c\xdd\xba\x15\x5b\xb7\x6e\xad\xfe\x5d\x4c\
\x4c\x0c\x06\x0e\x1c\x88\x81\x03\x07\xe2\xee\xbb\xef\x66\x91\x8c\
\xb4\x62\xc5\x0a\xbc\xf7\xde\x7b\x2c\x84\x1d\xf9\xe6\x9b\x6f\x90\
\x95\x95\xc5\x42\x98\x09\xcf\x8f\x11\xd5\x3b\x23\xea\x07\x4e\x08\
\x82\xa0\x1f\x40\xc1\x9b\xc9\x6f\x02\x04\x80\x03\x54\xea\xe5\x97\
\x5f\x7e\xc1\xcb\x2f\xbf\x8c\x8e\x1d\x3b\x22\x22\x22\x02\xaf\xbc\
\xf2\x0a\x0e\x1d\x3a\xc4\xc2\x28\x14\x1b\x1b\xcb\x22\xd8\x19\xf6\
\x1e\x9a\x17\x7b\x10\x6f\xb0\x60\xc1\x02\xcc\x9b\x37\xcf\x46\x03\
\x8a\x00\x0f\x0f\x0f\x78\x78\x78\xc0\xd3\xd3\xb3\xfa\xe7\xba\x6e\
\x7e\x7e\x7e\x08\x09\x09\xa9\x75\x0b\x0e\x0e\x46\x48\x48\x08\x3c\
\x3d\x3d\xb9\xa3\x89\x1c\xc8\x99\x33\x67\xb0\x6c\xd9\x32\x2c\x5b\
\xb6\x0c\xd1\xd1\xd1\x18\x3d\x7a\x34\x26\x4d\x9a\x84\xe0\xe0\x60\
\x16\xa7\x9e\xca\xcb\xcb\xb1\x7a\xf5\x6a\x4c\x9e\x3c\x99\xc5\xb0\
\x03\x49\x49\x49\xd8\xb3\x67\x0f\x0b\xc1\x80\x48\x00\x20\xcb\x32\
\x4a\x4a\x4a\x50\x52\x52\x82\xec\xec\x6c\xc5\xdb\x69\xd0\xa0\x41\
\x75\x58\x6c\xd4\xa8\x11\x22\x23\x23\x11\x19\x19\x89\x76\xed\xda\
\x21\x32\x32\x12\x2e\x2e\xbc\xbe\x8e\xc8\x5e\x25\x26\x26\x22\x31\
\x31\x11\x73\xe7\xce\xc5\xc4\x89\x13\x31\x69\xd2\x24\xdc\x73\xcf\
\x3d\x2c\x4c\x3d\xc4\xc6\xc6\x32\x20\xda\x09\xf6\x1e\x32\x20\x92\
\x19\xe4\xe7\xe7\x23\x3f\x3f\x1f\xa7\x4e\x9d\xaa\xf3\xdf\xdb\xb4\
\x69\x73\x53\x68\x8c\x8e\x8e\x66\x70\x24\xb2\x33\x6b\xd7\xae\xc5\
\xda\xb5\x6b\xf1\xc8\x23\x8f\xe0\x95\x57\x5e\xc1\xbd\xf7\xde\xcb\
\xa2\xdc\x46\x72\x72\x32\x76\xec\xd8\x81\xfe\xfd\xfb\xb3\x18\x36\
\x4c\x96\x65\x7c\xfa\xe9\xa7\x2c\x04\x03\x22\x59\x5a\x6a\x6a\x2a\
\x52\x53\x53\x6b\x4d\xfb\x20\x08\x02\x7a\xf4\xe8\x51\xeb\xd6\xb8\
\x71\x63\x16\x8b\xc8\x0e\xc4\xc7\xc7\x23\x3e\x3e\x1e\x4f\x3f\xfd\
\x34\xe6\xcc\x99\x83\xf6\xed\xdb\xb3\x28\xb7\x10\x1b\x1b\xcb\x80\
\x68\xe3\x56\xae\x5c\xc9\x22\x58\x00\x07\xa9\x50\xbd\xbf\xb1\x25\
\x24\x24\x60\xf9\xf2\xe5\x18\x35\x6a\x14\x9a\x34\x69\x82\x6e\xdd\
\xba\xe1\xcd\x37\xdf\x44\x42\x42\x02\x0b\x44\x64\x07\xfe\xfd\xef\
\x7f\xa3\x43\x87\x0e\x36\x7b\x9d\xb5\x2d\xa8\x9a\xf2\x86\x6c\x17\
\x4f\x2f\x33\x20\x92\x8d\x3b\x78\xf0\x20\x16\x2e\x5c\x88\x5e\xbd\
\x7a\xa1\x71\xe3\xc6\x98\x31\x63\x06\xf6\xed\xdb\xc7\xc2\x10\xd9\
\xb8\x05\x0b\x16\xa0\x43\x87\x0e\xd8\xbc\x79\x33\x8b\x51\x07\x8e\
\x68\xb6\x5d\x3b\x76\xec\x40\x6a\x6a\x2a\x0b\xc1\x80\x48\xf6\x22\
\x23\x23\x03\xb1\xb1\xb1\xe8\xdd\xbb\x37\xda\xb7\x6f\x8f\x05\x0b\
\x16\xe0\xc4\x89\x13\x2c\x0c\x91\x8d\x4a\x4e\x4e\xc6\xc3\x0f\x3f\
\xcc\xde\xc4\x3a\xac\x58\xb1\x82\x45\xb0\x51\xec\x3d\x64\x40\x24\
\x3b\x96\x92\x92\x82\x79\xf3\xe6\x21\x32\x32\x12\x7d\xfb\xf6\xc5\
\xd7\x5f\x7f\xcd\xa2\x10\xd9\xa8\x05\x0b\x16\xe0\xb1\xc7\x1e\x43\
\x69\x69\x29\x8b\x51\xa9\x6a\xca\x1b\xb2\x2d\x19\x19\x19\xf8\xe1\
\x87\x1f\x58\x08\x06\x44\x72\x04\xbb\x76\xed\xc2\xe3\x8f\x3f\x8e\
\xd6\xad\x5b\xe3\xdd\x77\xdf\x45\x41\x41\x01\x8b\x42\x64\x63\xbe\
\xf9\xe6\x1b\xf4\xe9\xd3\x07\x19\x19\x19\x2c\x46\x25\x9e\x66\xb6\
\x3d\xec\x3d\xb4\x2c\x8e\x62\x26\x8b\x38\x7d\xfa\x34\x66\xcf\x9e\
\x8d\xb9\x73\xe7\x62\xd2\xa4\x49\x98\x35\x6b\x16\x9a\x37\x6f\xce\
\xc2\x90\xd5\xf8\xf8\xf8\x98\xf5\x0b\x8b\x56\xab\x45\x79\x79\x39\
\x0a\x0a\x0a\x6a\xdd\x0a\x0b\x0b\x91\x91\x91\x51\xeb\x76\xe9\xd2\
\x25\x9c\x3a\x75\x0a\x45\x45\x45\x56\xab\xc7\xc1\x83\x07\x31\x78\
\xf0\x60\x6c\xda\xb4\x89\xaf\x4d\xe8\x4f\xc1\xef\xdc\xb9\x13\xfd\
\xfa\xf5\xe3\x8b\xc5\x46\x7c\xf4\xd1\x47\x2c\x02\x03\x22\x39\x2a\
\x8d\x46\x83\xd8\xd8\x58\xc4\xc6\xc6\x62\xce\x9c\x39\x78\xf5\xd5\
\x57\xd1\xa0\x41\x03\x16\x86\x1c\xef\xcd\x55\xad\x86\x5a\xad\x86\
\xa7\xa7\x27\x42\x43\x43\xeb\xd5\xe6\xc2\x85\x0b\x38\x75\xea\x14\
\x4e\x9e\x3c\x89\x43\x87\x0e\x61\xff\xfe\xfd\x48\x49\x49\xb1\xd8\
\x63\x4e\x4c\x4c\xc4\xe0\xc1\x83\xb1\x6d\xdb\x36\x34\x6b\xd6\xcc\
\xe9\xf7\xe1\x8a\x15\x2b\x18\x10\x6d\xc4\x86\x0d\x1b\xac\xfa\x05\
\xca\x19\xf1\x14\x33\x59\xcd\xb2\x65\xcb\xd0\xac\x59\x33\x2c\x5b\
\xb6\x8c\xc5\x20\x02\x10\x1e\x1e\x8e\x7e\xfd\xfa\x61\xca\x94\x29\
\x58\xb7\x6e\x1d\x92\x93\x93\x71\xf5\xea\x55\x6c\xde\xbc\x19\xb3\
\x66\xcd\x42\x74\x74\xb4\xd9\x1f\x43\x6a\x6a\x2a\x9e\x78\xe2\x09\
\x48\x92\xe4\xf4\xfb\x63\xd3\xa6\x4d\x48\x4b\x4b\xe3\x81\x69\x03\
\x38\xf7\x21\x03\x22\x39\x99\xfc\xfc\x7c\xbc\xf2\xca\x2b\x68\xd1\
\xa2\x05\x36\x6c\xd8\xc0\x82\x10\xdd\x20\x28\x28\x08\xc3\x87\x0f\
\xc7\xf2\xe5\xcb\x71\xf4\xe8\x51\xa4\xa5\xa5\x61\xfd\xfa\xf5\x18\
\x30\x60\x80\xd9\xee\x33\x21\x21\x01\x4f\x3c\xf1\x04\x8b\xcf\x60\
\x62\x13\x8e\x1c\x39\x82\xfd\xfb\xf7\xb3\x10\x0c\x88\xe4\x8c\xce\
\x9f\x3f\x8f\x27\x9f\x7c\x12\x8f\x3f\xfe\x38\x27\xa9\x25\xba\x8d\
\xa6\x4d\x9b\x62\xfc\xf8\xf1\xd8\xbe\x7d\x3b\x4e\x9c\x38\x81\x37\
\xdf\x7c\x13\xe1\xe1\xe1\x26\xbf\x9f\x8d\x1b\x37\xe2\xad\xb7\xde\
\x72\xfa\x7a\x73\xca\x1b\x86\x74\x06\x44\x22\x1b\xf0\xf5\xd7\x5f\
\x23\x32\x32\x92\xa3\xd5\x88\xea\xa1\x4d\x9b\x36\x78\xeb\xad\xb7\
\x90\x9e\x9e\x8e\xd8\xd8\x58\x44\x44\x44\x98\x74\xfb\xf3\xe7\xcf\
\xc7\xae\x5d\xbb\x9c\xba\xc6\x9c\xf2\xc6\xfa\xf5\x5f\xbf\x7e\x3d\
\x0b\xc1\x80\x48\x04\x94\x94\x94\x60\xfa\xf4\xe9\x18\x32\x64\x08\
\x2e\x5c\xb8\xc0\x82\x10\xd5\xc3\xf4\xe9\xd3\x71\xea\xd4\x29\xbc\
\xff\xfe\xfb\x70\x73\x73\x33\xd9\x76\x67\xcc\x98\x01\x59\x96\x9d\
\xba\xb6\x9c\xf2\xc6\x7a\xd8\x59\xc0\x80\x48\x74\x93\x9f\x7f\xfe\
\x19\x5d\xbb\x76\xe5\x72\x60\x44\x06\x98\x39\x73\x26\x52\x53\x53\
\xf1\xf8\xe3\x8f\x9b\x64\x7b\xc7\x8e\x1d\xc3\xa2\x45\x8b\x1c\xa2\
\x36\xee\xee\xee\x8a\xda\x55\x4d\x79\x43\x96\xc7\x53\xfc\x0c\x88\
\x44\x75\xca\xcc\xcc\xc4\xc3\x0f\x3f\x8c\x05\x0b\x16\xb0\x18\x44\
\xf5\xd4\xac\x59\x33\x6c\xd8\xb0\xc1\x64\xf3\xc6\x2d\x5d\xba\x14\
\xd9\xd9\xd9\x76\x5f\x97\xfe\xfd\xfb\x33\xa8\xd8\x91\x6d\xdb\xb6\
\xe1\xfc\xf9\xf3\x8a\xda\xf2\xb2\x00\x06\x44\x72\x12\xf3\xe6\xcd\
\xc3\xa3\x8f\x3e\xca\xe5\xc0\x88\x0c\x30\x63\xc6\x0c\xfc\xf4\xd3\
\x4f\x08\x09\x09\x31\x6a\x3b\x25\x25\x25\x58\xba\x74\xa9\xdd\xd7\
\xe3\x9e\x7b\xee\xc1\xf0\xe1\xc3\x15\xb5\xdd\xb4\x69\x93\xe2\xb0\
\x42\xca\x18\x33\x38\x65\xd2\xa4\x49\x2c\x20\x03\x22\x39\x8b\xf8\
\xf8\x78\x0c\x18\x30\x00\x99\x99\x99\x2c\x06\x51\x3d\x0d\x1e\x3c\
\x18\xff\xfd\xef\x7f\xa1\x56\x1b\xb7\x2e\xc2\xca\x95\x2b\x51\x5c\
\x5c\x6c\xd7\xb5\x28\x2c\x2c\xc4\xf4\xe9\xd3\x15\xb7\xe7\xf5\x70\
\x96\x73\xe1\xc2\x05\x6c\xd9\xb2\x45\x51\xdb\xf9\xf3\xe7\xb3\x80\
\x0c\x88\xe4\x6c\x12\x12\x12\x30\x70\xe0\x40\x9c\x3e\x7d\x9a\xc5\
\x20\xaa\xa7\x9e\x3d\x7b\x62\xe3\xc6\x8d\x46\x6d\xa3\xac\xac\x0c\
\x9f\x7f\xfe\xb9\x5d\xd7\xa1\xa8\xa8\x08\x31\x31\x31\xe8\xd3\xa7\
\x8f\xa2\xf6\x1c\xac\x62\x39\xc6\xf4\x1e\x4e\x9e\x3c\xd9\xe9\x07\
\x56\x31\x20\x92\x53\x3a\x76\xec\x18\x06\x0c\x18\x80\xbf\xff\xfe\
\x9b\xc5\x20\xaa\xa7\x11\x23\x46\x60\xf1\xe2\xc5\x46\x6d\xc3\xde\
\x03\xa2\x46\xa3\x01\x00\xc5\xbd\x88\x1a\x8d\x86\xd7\xb6\x59\xc8\
\x3b\xef\xbc\xa3\xa8\xdd\xa4\x49\x93\x10\x1a\x1a\x8a\xfc\xfc\x7c\
\x16\xd1\x48\x5c\x8b\xd9\x8a\xa2\xa2\xa2\xd0\xbb\x77\xef\x5a\xbf\
\x13\x04\x01\x2a\x95\xaa\xce\x9b\x28\x8a\x28\x2b\x2b\xab\xf3\xa6\
\xd1\x68\xaa\x7f\xbe\x7c\xf9\x32\x2e\x5f\xbe\x0c\x9d\x4e\xe7\xb0\
\xb5\x4b\x4b\x4b\xc3\xc0\x81\x03\xb1\x7d\xfb\x76\x74\xee\xdc\x99\
\x07\x13\x51\x3d\xbc\xfa\xea\xab\xd8\xb6\x6d\x1b\x76\xef\xde\xad\
\xa8\xfd\xdf\x7f\xff\x8d\xfd\xfb\xf7\xa3\x47\x8f\x1e\x76\x1d\x10\
\x47\x8d\x1a\x85\x4e\x9d\x3a\xe1\xf0\xe1\xc3\x06\x6f\x23\x36\x36\
\x16\x93\x27\x4f\xe6\xc1\x64\x46\x5f\x7c\xf1\x85\xe2\xb6\x55\xfb\
\xa6\xa0\xa0\x80\x85\x64\x40\xb4\x5f\x7d\xfb\xf6\x35\xd9\x28\xc3\
\xba\x64\x64\x64\x54\x87\xc5\x4b\x97\x2e\x55\xff\x7c\xec\xd8\x31\
\x1c\x39\x72\x04\xe5\xe5\xe5\x76\x5d\xbf\x9c\x9c\x1c\x8c\x18\x31\
\x02\xdb\xb7\x6f\x47\xeb\xd6\xad\x79\x40\x39\x12\x9e\x1d\x32\x9b\
\xe5\xcb\x97\xe3\x9e\x7b\xee\x51\xdc\xfe\x87\x1f\x7e\xb0\xfb\x80\
\x08\xe8\x7b\x11\x9f\x7f\xfe\x79\x83\xb7\x51\x35\xe5\x4d\xbf\x7e\
\xfd\x78\x30\x99\x89\xd2\x6b\x3d\x1f\x7c\xf0\xc1\xea\x0e\x03\x06\
\x44\x06\x44\xba\x8d\x46\x8d\x1a\xa1\x51\xa3\x46\xe8\xd2\xa5\x4b\
\x9d\xff\x9e\x98\x98\x88\xc3\x87\x0f\xe3\xc8\x91\x23\x38\x72\xe4\
\x08\x0e\x1f\x3e\x6c\x77\xdd\xf2\x69\x69\x69\x18\x39\x72\x24\xb6\
\x6f\xdf\x6e\xf4\x48\x4d\x43\x08\x10\x20\x41\x82\x00\xa1\xfa\x37\
\x4c\x35\x26\x2d\x30\x99\x49\x97\x2e\x5d\x30\x76\xec\x58\x7c\xfd\
\xf5\xd7\x8a\xda\xc7\xc7\xc7\x2b\x3e\xfd\x67\x4b\x01\x71\xfc\xf8\
\xf1\x58\xbc\x78\x31\xce\x9c\x39\x63\xf0\x76\x62\x63\x63\x19\x10\
\xcd\xe4\xe0\xc1\x83\x38\x78\xf0\xa0\xa2\xb6\x35\x7b\x76\x19\x10\
\x8d\xc7\x6b\x10\x9d\x58\x74\x74\x34\x9e\x7d\xf6\x59\x7c\xf0\xc1\
\x07\xf8\xed\xb7\xdf\x90\x97\x97\x87\xfd\xfb\xf7\xe3\xb5\xd7\x5e\
\x43\x74\x74\xb4\xdd\x3c\x8f\x63\xc7\x8e\x61\xc4\x88\x11\x28\x29\
\x29\xb1\x70\x7a\x91\x99\x67\xc8\x2e\x4d\x9c\x38\x51\x71\xdb\x53\
\xa7\x4e\xe1\xd0\xa1\x43\x76\x1f\x10\x01\xe5\xd7\x22\xc6\xc7\xc7\
\xe3\xdc\xb9\x73\x3c\x90\xcc\x40\x69\xef\x61\xe7\xce\x9d\xf1\xe0\
\x83\x0f\x56\xff\x37\xaf\x41\x64\x40\x24\x13\xeb\xde\xbd\x3b\xde\
\x7e\xfb\x6d\x1c\x3d\x7a\x14\xc9\xc9\xc9\x58\xba\x74\xe9\x4d\xd7\
\x49\xda\xa2\x84\x84\x04\x93\xad\x1c\x71\x4b\xb2\x0c\x59\x92\x20\
\xcb\x92\x7e\x84\x9c\x0c\xc8\xb2\x5c\x79\x93\x6a\xfc\xcc\x9b\xd2\
\x1b\x64\x09\xd0\x49\x80\xc4\xde\x58\x73\xea\xd7\xaf\x1f\xba\x76\
\xed\xaa\xb8\x7d\x62\x62\xa2\xc3\x04\xc4\x80\x80\x00\x45\xdb\xfa\
\xf8\xe3\x8f\x79\x20\x99\x58\x49\x49\x89\xe2\xeb\x0f\x6f\xbc\x2e\
\x94\x3d\x88\x0c\x88\x64\x46\xed\xda\xb5\xc3\x9c\x39\x73\xf0\xfb\
\xef\xbf\xe3\xec\xd9\xb3\x98\x39\x73\x26\x5c\x5c\x5c\x6c\xf6\xf1\
\x6e\xde\xbc\x19\x73\xe7\xce\x35\x53\x38\x04\x64\xc8\x00\x04\x40\
\x10\x2a\xff\x4f\x84\x20\x08\x10\x04\xfd\xef\x04\xde\x8c\xbe\xc9\
\xb2\xac\xaf\xa7\x28\xb0\x57\xd6\xcc\x86\x0e\x1d\xea\xf4\x01\x51\
\xad\x56\x63\xea\xd4\xa9\x8a\xb6\xc5\x29\x6f\x4c\x4f\xe9\xd4\x36\
\xa1\xa1\xa1\x37\x4d\x8c\xcd\x80\x68\x3c\x5e\x83\x48\xf5\xd2\xa2\
\x45\x0b\xbc\xff\xfe\xfb\x78\xfd\xf5\xd7\x11\x1b\x1b\x8b\xd8\xd8\
\x58\xe4\xe4\xe4\xd8\xdc\xe3\x5c\xb4\x68\x11\xa2\xa2\xa2\x30\x66\
\xcc\x18\x93\x6e\x57\x50\x8b\xf0\x08\x09\x46\x50\xa7\x4e\x80\x00\
\xa8\x3d\x3d\x21\x4b\x92\x3e\xc4\x08\xd5\x19\x92\x97\x21\x2a\xad\
\xaf\x20\x42\x96\x25\x08\xb2\x8c\x86\x51\x51\x70\x0b\xf4\xe7\x79\
\x7b\x0b\x04\xc4\xb7\xde\x7a\xcb\xa9\x03\x22\x00\x4c\x9d\x3a\x15\
\x0b\x17\x2e\x54\xb4\xad\x35\x6b\xd6\x70\xc5\x0e\x13\x52\x7a\x6d\
\xeb\x94\x29\x53\x6e\xfa\x1d\x4f\x31\x33\x20\x92\x85\x05\x04\x04\
\x60\xfe\xfc\xf9\x78\xed\xb5\xd7\xb0\x72\xe5\x4a\xc4\xc6\xc6\xda\
\xdc\xf2\x53\x13\x26\x4c\x40\x74\x74\x34\xda\xb6\x6d\x6b\xb2\x6d\
\xaa\x5c\x5d\xe1\x17\xd9\x1a\x6a\x8f\x31\x08\xeb\x3f\x00\xa2\x4a\
\x05\x49\x96\x21\xd4\x08\x31\xcc\x86\xca\x89\xd0\xf7\x1e\x42\x10\
\xe0\x1e\xd4\x10\x5e\xcd\xc2\x00\x91\x27\x38\xcc\xa9\x5b\xb7\x6e\
\x68\xd6\xac\x19\xd2\xd2\xd2\x0c\x6e\x7b\xe2\xc4\x09\x87\x09\x88\
\xa1\xa1\xa1\x98\x3a\x75\xaa\xa2\x53\xc6\x2b\x56\xac\x60\x40\x34\
\x91\x2d\x5b\xb6\x28\x5e\xef\xbb\xae\x69\x87\x0a\x0b\x0b\x59\x54\
\x06\x44\xb2\x06\x57\x57\x57\xcc\x9a\x35\x0b\xb3\x66\xcd\xc2\x5b\
\x6f\xbd\x65\x53\x4b\x1b\x15\x16\x16\x62\xe2\xc4\x89\xf8\xfd\xf7\
\xdf\x4d\xb6\x4d\x41\xad\x82\x7b\x60\x00\xdc\xfc\xfd\xf4\xa7\x41\
\x51\x75\xca\x99\x4c\x52\x5f\x08\xd5\xd5\x14\x45\x01\x10\xf5\xa7\
\xef\xc9\xbc\xda\xb5\x6b\xa7\x28\x20\x66\x64\x64\xa0\xac\xac\x0c\
\xee\xee\xee\x76\x1f\x10\x01\x28\x0e\x88\xc9\xc9\xc9\xd8\xb1\x63\
\x07\xfa\xf7\xef\xcf\x83\xc9\x48\x4a\x07\xa7\x54\x4d\x8c\x7d\xa3\
\x8a\x8a\x0a\x16\xd5\xe8\x2f\xee\x44\x46\x9a\x37\x6f\x1e\xfe\xfc\
\xf3\x4f\xdc\x7f\xff\xfd\x36\xf3\x98\xf6\xee\xdd\x8b\x65\xcb\x96\
\x99\x36\xc4\x88\x02\x44\x17\x35\x54\xae\x2e\x10\x5d\x5d\xa0\x72\
\x75\xe5\xcd\x44\x37\x7d\x3d\xf5\x37\x41\xad\x86\xc0\xde\x43\x8b\
\x88\x8c\x8c\x54\xdc\x56\x49\xb0\xb4\xd5\x80\xd8\xbe\x7d\x7b\xc5\
\x97\xa5\x18\xb3\x24\x1c\xe9\x9d\x3d\x7b\x16\x3f\xff\xfc\xb3\xa2\
\xb6\xb7\x9a\xb4\x9c\x01\x91\x01\x91\x6c\x44\xd7\xae\x5d\xb1\x7b\
\xf7\x6e\x2c\x59\xb2\xc4\x66\x1e\xd3\x2b\xaf\xbc\x82\xe4\xe4\x64\
\xee\x1c\xa2\x5b\x68\xd7\xae\x9d\xe2\xb6\xe9\xe9\xe9\x76\xf7\x7c\
\xcb\xca\xca\x6e\xf9\x6f\xd3\xa6\x4d\x53\xb4\xcd\xf8\xf8\x78\x9c\
\x3d\x7b\x96\x07\x93\x11\x94\xf6\x1e\x0e\x1b\x36\xec\x96\x2b\x69\
\x31\x20\x32\x20\x92\x8d\x79\xe5\x95\x57\x70\xf4\xe8\x51\x0c\x1c\
\x38\xd0\x26\x1e\xcf\xec\xd9\xb3\xb9\x53\x88\x6e\xa1\x71\xe3\xc6\
\x8a\xdb\x2a\xbd\x5e\xcc\x9a\x6e\xd5\x83\x08\x00\xf7\xdf\x7f\x3f\
\x06\x0d\x1a\xa4\x68\xbb\x9f\x7c\xf2\x09\x0f\x26\x23\xbc\xff\xfe\
\xfb\x8a\xda\xdd\xee\xfa\x4f\x06\x44\x06\x44\xb2\x41\xd1\xd1\xd1\
\xf8\xe5\x97\x5f\xf0\xdc\x73\xcf\x59\xfd\xb1\x6c\xdd\xba\x95\x6f\
\xde\x44\xb7\xe0\xe3\xe3\xa3\xb8\x6d\x51\x51\x91\xdd\x3d\xdf\xdb\
\xf5\x20\x02\xc0\x8c\x19\x33\x14\x6d\x37\x36\x36\x56\x3f\xc8\x8a\
\x0c\xb6\x7e\xfd\x7a\x45\xed\xa2\xa2\xa2\xf0\xd0\x43\x0f\x31\x20\
\x32\x20\x92\x3d\xfa\xfc\xf3\xcf\x15\xbf\xe1\x9a\xd2\xa2\x45\x8b\
\xa0\xd3\xe9\xb8\x43\x88\x6e\xe0\xeb\xeb\xeb\x54\x01\x51\x92\xa4\
\xdb\x06\x87\xa1\x43\x87\x2a\x5a\x18\x40\xa3\xd1\x60\xed\xda\xb5\
\x3c\xa0\x14\x78\xf7\xdd\x77\x15\xb5\xbb\xd5\xb5\x87\x0c\x88\x0c\
\x88\x64\x27\x3e\xfa\xe8\x23\xbc\xf1\xc6\x1b\x56\x7d\x0c\x97\x2f\
\x5f\xb6\xdb\xb5\x63\x89\xcc\xc9\xd9\x7a\x10\x81\x3b\xf7\x22\xfe\
\xe3\x1f\xff\x50\xb4\xdd\x15\x2b\x56\xf0\x80\x32\xd0\xfe\xfd\xfb\
\x91\x9a\x9a\x6a\x70\x3b\x3f\x3f\xbf\x3b\x4e\x2f\x54\x5e\x5e\xce\
\x02\x33\x20\x92\xad\x5b\xb8\x70\xa1\xe2\x6f\x89\xa6\xfc\x96\x6a\
\xaf\x1f\x68\x44\xe6\x52\x5a\x5a\xaa\xb8\xad\x5a\x6d\x9f\xb3\xa4\
\xdd\xee\x3a\x44\x00\x18\x33\x66\x0c\x3a\x75\xea\x64\xf0\x76\x93\
\x93\x93\xb1\x7d\xfb\x76\x1e\x54\x06\x50\x3a\x02\x7c\xd2\xa4\x49\
\x77\x5c\xd5\x8b\x3d\x88\x0c\x88\x64\x27\x5e\x7a\xe9\x25\xab\x4e\
\x07\x91\x9b\x9b\xcb\x5e\x44\xa2\x1b\x18\xf3\xa5\xc9\xd3\xd3\xd3\
\x2e\x9f\xf3\x9d\x7a\x10\x01\xe5\xbd\x88\x5c\x9f\xb9\xfe\xf2\xf3\
\xf3\xb1\x61\xc3\x06\x45\x6d\xef\x74\x7a\x99\x01\x91\x01\x91\xec\
\xcc\xb4\x69\xd3\xf0\xc2\x0b\x2f\x58\xed\xfe\xdf\x7d\xf7\x5d\xe4\
\xe6\xe6\x72\x47\x10\x55\x2a\x2e\x2e\x76\xba\x80\x78\xa7\x1e\x44\
\x00\x18\x37\x6e\x1c\x5a\xb5\x6a\x65\xf0\xb6\xe3\xe3\xe3\x71\xfa\
\xf4\x69\x1e\x58\xf5\xa0\xb4\xc3\xe0\xf1\xc7\x1f\x47\xcb\x96\x2d\
\x19\x10\x19\x10\xc9\xd1\x7c\xfc\xf1\xc7\x56\x9b\x50\xbb\xac\xac\
\x8c\x17\x92\x13\x31\x20\xd6\xeb\xef\x94\xf6\x22\xae\x5e\xbd\x9a\
\x07\x56\x3d\x28\x5d\x07\xbc\xbe\x4b\x1b\x32\x20\x32\x20\x92\x1d\
\xfa\xec\xb3\xcf\x10\x10\x10\x60\x95\xfb\x5e\xb3\x66\x0d\x77\x00\
\x51\xa5\xcb\x97\x2f\x2b\x6e\xeb\xe5\xe5\x65\x97\xcf\xb9\xbe\xc1\
\x61\xfa\xf4\xe9\x08\x0a\x0a\x32\x78\xfb\xb1\xb1\xb1\x9c\x35\xe1\
\x0e\xe2\xe3\xe3\x15\x05\xb8\x5e\xbd\x7a\xe1\x81\x07\x1e\x60\x40\
\x64\x40\x24\x47\xd5\xaa\x55\x2b\x7c\xf6\xd9\x67\x56\xb9\xef\x33\
\x67\xce\x60\xe3\xc6\x8d\xdc\x09\x44\x30\x6e\xb9\xbc\xe6\xcd\x9b\
\x3b\x74\x40\x54\xa9\x54\x98\x3e\x7d\xba\xc1\xdb\xd7\x68\x34\x58\
\xb7\x6e\x1d\x0f\xae\xdb\x58\xbe\x7c\xb9\xa2\x76\xf5\xed\x3d\x64\
\x40\x64\x40\x24\x3b\xf6\xd0\x43\x0f\x61\xf1\xe2\xc5\x56\xb9\x6f\
\xf6\x22\x12\xe9\x19\xb3\x5c\x5e\x8b\x16\x2d\xec\xf2\x39\x1b\x32\
\xfd\xc9\xcc\x99\x33\xd1\xa0\x41\x03\x83\xef\x83\xeb\x33\xdf\xda\
\xc9\x93\x27\xb1\x77\xef\x5e\x83\xdb\x85\x87\x87\xe3\x99\x67\x9e\
\x61\x40\x64\x40\x24\x67\xf0\xea\xab\xaf\x1a\xb5\x16\xac\x52\x3b\
\x77\xee\xc4\xa1\x43\x87\xb8\x03\xc8\xe9\x29\xed\x41\x0c\x0c\x0c\
\x34\x6a\x92\x6d\x6b\x32\x24\x38\xf8\xf8\xf8\xe0\xa5\x97\x5e\x32\
\xf8\x3e\x92\x92\x92\xf0\xcb\x2f\xbf\xf0\x00\x33\x61\x78\x9e\x38\
\x71\xa2\x41\x7f\xcf\xd3\xfc\x0c\x88\x64\xe7\xe6\xce\x9d\x6b\x95\
\xfb\xdd\xb4\x69\x13\x8b\x4f\x4e\x4d\xa7\xd3\xe1\xc0\x81\x03\x8a\
\xda\xda\xeb\xe9\x65\xc0\xf0\x09\x94\x5f\x7e\xf9\x65\x45\xd7\x22\
\x72\x89\xcf\xba\xc5\xc6\xc6\x2a\x6a\x67\xc8\xe9\x65\x06\x44\x06\
\x44\x72\x00\x63\xc7\x8e\x45\x4c\x4c\x8c\xc5\xef\x77\xf3\xe6\xcd\
\x2c\x3e\x39\xb5\x5d\xbb\x76\x29\x3e\x0d\x77\xcf\x3d\xf7\xd8\xed\
\xf3\x36\xf4\x39\xbb\xb9\xb9\x29\xea\x45\x8c\x8f\x8f\xc7\xa9\x53\
\xa7\x78\xa0\xd5\xf0\xe9\xa7\x9f\x2a\x6a\x37\x61\xc2\x04\x84\x84\
\x84\x30\x20\x32\x20\x92\xb3\xb1\x46\x2f\x62\x62\x62\x22\x92\x92\
\x92\x58\x7c\x72\x5a\xbb\x77\xef\x56\xdc\x56\xc9\x7a\xc5\xf6\x1a\
\x10\x01\x60\xf6\xec\xd9\x08\x0b\x0b\x33\xb8\x1d\xa7\xd5\xaa\x6d\
\xe1\xc2\x85\x8a\xda\x19\x7a\x7a\x99\x01\x91\x01\x91\x1c\x44\xef\
\xde\xbd\x31\x7e\xfc\x78\x8b\xdf\x2f\x7b\x11\xc9\x99\xed\xd8\xb1\
\x43\x71\xdb\xfb\xee\xbb\xcf\x6e\x9f\xb7\xd2\x35\x7a\x67\xcf\x9e\
\x6d\x70\x9b\x15\x2b\x56\x40\xab\xd5\xf2\x60\x03\xb0\x67\xcf\x1e\
\x45\xd3\x2a\xf5\xed\xdb\x17\xdd\xba\x75\x63\x40\x64\x40\x24\x67\
\xf5\xc6\x1b\x6f\x30\x20\x12\x59\x48\x62\x62\x22\x12\x12\x12\x14\
\xb5\x6d\xdd\xba\x35\x9a\x36\x6d\x6a\xb7\xcf\x5d\xe9\x69\xf5\x7f\
\xfc\xe3\x1f\xe8\xd2\xa5\x8b\x41\x6d\x38\xe5\xcd\x75\x1f\x7c\xf0\
\x81\xa2\x76\xcf\x3f\xff\xbc\xa2\x76\x0c\x88\x0c\x88\xe4\x20\x5a\
\xb4\x68\x81\x87\x1e\x7a\xc8\xa2\xf7\xf9\xc7\x1f\x7f\x20\x2b\x2b\
\x8b\xc5\x27\xa7\x13\x17\x17\xa7\xb8\xed\xa0\x41\x83\xec\xfa\xb9\
\x2b\xed\x41\x04\x80\x25\x4b\x96\x18\xdc\x66\xd5\xaa\x55\x4e\x7f\
\xbc\x65\x65\x65\x21\x3e\x3e\xde\xe0\x76\x61\x61\x61\x78\xf2\xc9\
\x27\x15\xdd\xa7\x24\x49\x7c\xa1\x33\x20\x92\xa3\x18\x31\x62\x84\
\xc5\xef\xd3\x98\xeb\xb0\x88\x9c\x31\x20\x3e\xf2\xc8\x23\x4e\x1b\
\x10\x07\x0e\x1c\x88\xee\xdd\xbb\x1b\xd4\x26\x29\x29\x09\xdb\xb6\
\x6d\x73\xea\xe3\x4d\x69\x48\x9e\x3c\x79\xb2\xe2\xfb\x64\x0f\x22\
\x03\x22\x39\x90\x91\x23\x47\x42\x14\x2d\x7b\x48\x32\x20\x92\xb3\
\xf9\xf8\xe3\x8f\x15\xcf\x7f\xd8\xa4\x49\x13\xf4\xef\xdf\xdf\x69\
\x03\x22\x00\x8c\x1b\x37\xce\xe0\x36\x4a\x47\xef\x3a\x8a\xf9\xf3\
\xe7\x1b\xdc\x46\xa5\x52\xe1\x85\x17\x5e\x60\x40\xb4\x22\x35\x4b\
\x40\xb6\xc2\xdb\xdb\x1b\x23\x46\x8c\xc0\x77\xdf\x7d\x67\x73\x01\
\x51\x96\x65\xc8\x3a\x09\x52\x79\x39\x64\x9d\x04\x08\x02\x20\xcb\
\x90\x01\x08\x00\xae\xff\x44\xb7\xa9\xe2\x4d\x35\x12\x04\x40\x10\
\x44\x08\x6a\x15\x54\xae\x2e\xfa\x5f\x90\x59\xbd\xfb\xee\xbb\x8a\
\xdb\xda\x7b\xef\xa1\xa9\x02\xe2\xcb\x2f\xbf\x8c\x82\x82\x82\x7a\
\xb7\x89\x8f\x8f\xc7\xc9\x93\x27\x71\xd7\x5d\x77\x39\xdd\xf1\xf6\
\xed\xb7\xdf\x2a\x6a\x37\x65\xca\x14\x04\x04\x04\x30\x20\x32\x20\
\x12\xe9\x8d\x1c\x39\xd2\xa2\x01\x31\x31\x31\x11\x57\xae\x5c\x41\
\x68\x68\xe8\x6d\xff\x4e\xaa\xd0\xa2\xe4\xf2\x15\xe4\x25\xa7\xa2\
\xe4\x62\x06\x04\x17\x35\x24\x48\x10\x20\x42\x86\x04\x01\x02\x03\
\x62\xbd\x02\x62\x8d\x70\x08\x00\x12\x20\xba\xba\xc0\xaf\x43\x1b\
\x34\x68\xdd\x12\x2e\x3e\xde\x2c\x93\x19\x2d\x5f\xbe\x1c\xe7\xcf\
\x9f\x57\xdc\xfe\xa9\xa7\x9e\x72\xfa\x80\xe8\xe2\xe2\x82\x71\xe3\
\xc6\xe1\xa3\x8f\x3e\x32\xa8\xdd\xda\xb5\x6b\x8d\x0a\xe7\xf6\x6a\
\xd1\xa2\x45\x8a\x83\xb8\x31\x18\x10\x19\x10\xc9\x01\x03\xa2\xbb\
\xbb\x3b\xca\xca\xca\x2c\x76\x9f\x07\x0e\x1c\xb8\x63\xcf\x88\x5c\
\x5e\x81\xfc\x13\xa7\x70\xfa\xeb\xaf\x71\xe5\xd0\x01\xa8\xbd\xbc\
\x01\x59\x02\x20\x40\x86\x5c\x19\x10\xa9\x7e\x21\x51\xa8\x4e\x88\
\x92\x4e\x82\xab\xa7\x27\x5a\x8f\x1e\x0b\xf7\xa0\x00\x06\x44\x33\
\x4a\x48\x48\x50\x34\xe1\x73\x95\x61\xc3\x86\x19\x7c\xfd\x9d\x23\
\x06\x44\x00\x18\x3f\x7e\xbc\xc1\x01\x31\x36\x36\x16\x8b\x17\x2f\
\x86\x8b\x8b\x8b\xd3\x1c\x73\xc9\xc9\xc9\x48\x4c\x4c\x34\xb8\x5d\
\xdf\xbe\x7d\x0d\x1e\x31\xce\x80\xc8\x80\x48\x0e\xce\xc5\xc5\x05\
\x0f\x3f\xfc\x30\x36\x6e\xdc\x68\xb1\xfb\x4c\x49\x49\xb9\x73\x40\
\x94\x65\x54\x14\x14\xa0\xf8\xd2\x45\x14\x5d\xbe\x00\xc1\x89\xde\
\xe4\xcd\x4a\x92\xe0\xea\xe3\x0b\xcd\xb5\x6c\xc8\xe5\x9c\x2f\xce\
\x6c\xb1\x5c\x96\x31\x75\xea\x54\xa3\xb6\x31\x6d\xda\x34\x87\xa8\
\x85\x29\x02\x62\x74\x74\x34\x62\x62\x62\x0c\x5a\x6f\xb9\x6a\xca\
\x1b\x63\xae\xab\xb3\x37\x86\x86\xe8\x2a\xc6\xf6\x1e\x32\x20\x9a\
\x06\x07\xa9\x90\xcd\xe9\xd4\xa9\x93\x45\xef\x2f\x25\x25\xa5\x7e\
\x7f\x28\x88\xfa\x1b\x84\xca\xff\x55\xfe\xba\xc6\x7f\xf3\x76\xab\
\x9b\x70\x43\xd5\x6a\xfc\x4e\xa8\x7c\x1b\xe2\xf5\x87\x66\x33\x6e\
\xdc\x38\x1c\x3d\x7a\x54\x71\xfb\x9e\x3d\x7b\x62\xc8\x90\x21\x0e\
\x51\x0b\x53\x4d\x5c\xad\x24\xc4\x7c\xfc\xf1\xc7\x4e\xf5\xa5\x44\
\xc9\x4a\x32\x21\x21\x21\x78\xfa\xe9\xa7\x4d\xf0\xdd\x93\xd3\xdc\
\x30\x20\x12\x03\xa2\x25\x02\xa2\xac\x8f\x34\x10\xaa\x72\xcc\xf5\
\xd8\x53\x15\x77\x78\xbb\xdd\x0d\x37\x45\x45\x00\x90\x85\xca\x9f\
\x45\xe1\xc6\x4b\x14\xc9\x44\x26\x4f\x9e\x8c\x2f\xbe\xf8\xc2\xa8\
\x6d\x58\x63\x39\x4c\x5b\x0f\x88\x63\xc7\x8e\x35\x78\xf9\xbd\xa4\
\xa4\x24\xfc\xfc\xf3\xcf\x4e\x71\xdc\x29\x9d\xda\xc6\x14\xbd\x87\
\x00\x7b\x10\x19\x10\x89\x01\xd1\x52\x01\xb1\x7e\x09\x92\xee\x58\
\x23\xb9\x8e\xdf\xb2\x76\xe6\xf2\xcf\x7f\xfe\x13\x6b\xd6\xac\x31\
\x6a\x1b\xe3\xc6\x8d\xc3\xe0\xc1\x83\x1d\xa6\x26\xa6\x0c\x0e\x4a\
\x96\x08\x5d\xbd\x7a\xb5\x53\x1c\x7b\xaf\xbe\xfa\x2a\x03\x22\x03\
\x22\x91\x69\x05\x05\x05\xa1\x79\xf3\xe6\x16\xbb\x3f\x8d\x46\x83\
\x93\x27\x4f\xde\xf1\xef\x04\x06\x42\xb3\xe1\xc9\x65\xd3\xca\xcb\
\xcb\xc3\xc3\x0f\x3f\x8c\x15\x2b\x56\x18\xb5\x1d\x2f\x2f\x2f\xc5\
\xa3\x50\x9d\x21\x20\x2a\x09\x33\xf1\xf1\xf1\x48\x4d\x4d\x75\xe8\
\xe3\x6f\xe7\xce\x9d\x28\x2a\x2a\x32\xb8\xdd\xc3\x0f\x3f\x6c\xb2\
\xa9\x80\x18\x10\x19\x10\xc9\x41\x59\xba\x17\xf1\x8e\x53\x7f\xf0\
\x0c\xa8\x59\x83\xa1\xcc\x94\x68\x32\xfb\xf6\xed\x43\xcf\x9e\x3d\
\x4d\xb2\xd6\xf8\xa2\x45\x8b\xd0\xb8\x71\x63\x06\xc4\x5b\x68\xde\
\xbc\x39\x46\x8d\x1a\x65\x70\x3b\x25\xd7\xe6\xd9\x93\xc5\x8b\x17\
\x2b\x6a\xf7\xdc\x73\xcf\xd9\xe4\x7e\x66\x40\x24\x72\xe2\x80\x78\
\xf1\xe2\x45\x16\x9d\xec\x5a\x4e\x4e\x0e\xa6\x4d\x9b\x86\xde\xbd\
\x7b\xe3\xf8\xf1\xe3\x46\x6f\x6f\xcc\x98\x31\x78\xf1\xc5\x17\x1d\
\xae\x4e\xa6\x0e\x0e\x4a\x7a\x11\x57\xad\x5a\x65\x92\xd1\xd4\xb6\
\xe8\xca\x95\x2b\xd8\xb1\x63\x87\xc1\xed\x5a\xb7\x6e\x6d\xd2\x89\
\xd8\x19\x10\x19\x10\x89\x01\x91\x01\x91\x9c\x5a\x61\x61\x21\xde\
\x7d\xf7\x5d\x44\x44\x44\x98\x6c\x94\x6c\x58\x58\x98\xe2\x41\x06\
\xb6\xce\x54\x83\x54\xaa\x0c\x1d\x3a\x14\xed\xda\xb5\x33\xa8\x4d\
\x59\x59\x99\xc3\xf6\x22\x2a\xbd\xac\xc1\x54\xd7\x1e\x32\x1c\x32\
\x20\x92\x83\xb3\xf4\x92\x54\x97\x2e\x5d\x62\xd1\xc9\xae\xa4\xa6\
\xa6\x62\xe6\xcc\x99\x08\x09\x09\xc1\xec\xd9\xb3\x91\x9b\x9b\x6b\
\xb2\x6d\xaf\x5a\xb5\x0a\x81\x81\x81\x0e\x59\x37\x73\x84\x07\x25\
\x83\x55\x1c\x75\x7d\xe6\x25\x4b\x96\x58\x3d\x20\x72\x8a\x1b\x06\
\x44\x72\x60\xfe\xfe\xfe\x16\xbd\x3f\xf6\x20\x92\x3d\xc8\xcc\xcc\
\xc4\xaa\x55\xab\xf0\xc0\x03\x0f\xa0\x6d\xdb\xb6\xf8\xf0\xc3\x0f\
\x51\x5a\x5a\x6a\xd2\xfb\x58\xb1\x62\x05\x1e\x7a\xe8\x21\x87\xad\
\xa1\xa9\x7b\x10\x95\x86\x9b\xa4\xa4\x24\x6c\xdd\xba\xd5\xa1\x6a\
\xbb\x61\xc3\x06\x45\xed\x9e\x7a\xea\xa9\x3b\x2e\x77\x6a\xed\x2f\
\x01\xce\x88\x2b\xa9\x90\x4d\xf2\xf3\xf3\x63\x40\x24\x82\x7e\xbd\
\xf0\xed\xdb\xb7\x63\xfb\xf6\xed\xd8\xb6\x6d\x9b\x59\xef\xeb\xad\
\xb7\xde\xc2\x3f\xfe\xf1\x0f\x87\xae\xa7\x39\xc2\x43\xc3\x86\x0d\
\x31\x7e\xfc\x78\x7c\xf6\xd9\x67\x06\xb5\x5b\xb7\x6e\x1d\x86\x0e\
\x1d\xea\x30\xb5\x7d\xe3\x8d\x37\x2c\x16\xb0\x19\x10\x19\x10\xc9\
\x49\xb9\xb8\xb8\xc0\xdb\xdb\x5b\xd1\x54\x09\x4a\xe4\xe7\xe7\xb3\
\xe8\x64\x75\xd9\xd9\xd9\x48\x4c\x4c\xc4\xd1\xa3\x47\x71\xf4\xe8\
\x51\xfc\xf6\xdb\x6f\x48\x4b\x4b\xb3\xc8\x7d\xcf\x9c\x39\x13\x6f\
\xbe\xf9\xa6\xc3\xd7\xd8\x1c\x3d\x88\x55\x21\xc7\xd0\x80\xf8\xc3\
\x0f\x3f\xe0\xf8\xf1\xe3\x88\x8c\x8c\xb4\xfb\xba\x1e\x39\x72\x04\
\xe7\xce\x9d\x33\xb8\x5d\xe7\xce\x9d\xd1\xaf\x5f\x3f\x06\x44\x06\
\x44\xa2\xfa\xf3\xf7\xf7\xb7\x58\x40\x2c\x2b\x2b\x63\xc1\xc9\xac\
\x0a\x0a\x0a\x90\x93\x93\x83\x9c\x9c\x1c\x5c\xbb\x76\x0d\x17\x2e\
\x5c\xc0\x85\x0b\x17\x90\x9e\x9e\x8e\x0b\x17\x2e\xe0\xcc\x99\x33\
\x77\x9e\x6e\xc9\x4c\xfe\xf5\xaf\x7f\xe1\xbd\xf7\xde\x73\x8a\xfd\
\x60\xae\xf0\xd0\xbb\x77\x6f\xf4\xe8\xd1\x03\xfb\xf7\xef\x37\xa8\
\xdd\xba\x75\xeb\xb0\x7c\xf9\x72\xbb\xaf\xeb\xd2\xa5\x4b\x15\x07\
\x6b\x7b\xd9\xc7\x0c\x88\x44\x36\xc2\xcf\xcf\x0f\x17\x2e\x5c\x60\
\x40\x24\xb3\x28\x2a\x2a\x42\x68\x68\x28\x54\x2a\x15\x44\x51\xac\
\x75\xbb\xf1\x77\x75\xfd\x8d\x28\xd6\xbe\x84\x5b\x96\x65\x68\xb5\
\xda\xea\x5b\x45\x45\x05\xb4\x5a\x2d\x4a\x4a\x4a\x90\x9d\x9d\x8d\
\x8a\x8a\x0a\x9b\xac\xc3\xc2\x85\x0b\x15\x9f\x1a\xb4\x47\xe6\xea\
\x41\xac\x0a\x3b\x86\x06\xc4\x8f\x3f\xfe\x18\x6f\xbf\xfd\x36\xdc\
\xdd\xdd\xed\xb6\xa6\x15\x15\x15\xd8\xb8\x71\xa3\xc1\xed\xdc\xdd\
\xdd\x31\x61\xc2\x04\x06\x44\x06\x44\x22\xc3\x58\x72\xa0\x0a\x03\
\xa2\xf3\x91\x65\x19\x99\x99\x99\x4e\x5d\x83\x95\x2b\x57\x62\xda\
\xb4\x69\x4e\xf5\x9c\xcd\x19\x1e\xc6\x8d\x1b\x87\x59\xb3\x66\x19\
\x74\xe6\xa3\xac\xac\x0c\xeb\xd6\xad\xc3\xf4\xe9\xd3\xed\xb6\xa6\
\xb1\xb1\xb1\x8a\xeb\x65\x8e\x60\xcc\x80\x68\x1a\x1c\xc5\x4c\x0c\
\x88\xd0\x2f\xb7\x27\xcb\x5c\x2b\x85\x9c\x43\x78\x78\x38\xb6\x6e\
\xdd\xea\x74\xe1\x10\x30\xef\x14\x28\x6a\xb5\x5a\x51\x8f\x98\xbd\
\xaf\xcf\xfc\xaf\x7f\xfd\x4b\x71\x40\xb4\xb7\x7d\xcc\x80\x48\x64\
\x03\x2c\x3d\x92\x99\xbd\x88\xe4\x0c\x1e\x79\xe4\x11\x1c\x3a\x74\
\x08\x43\x86\x0c\x61\x31\xcc\x40\xc9\x9c\x88\x49\x49\x49\xf8\xdf\
\xff\xfe\x67\x97\xcf\x57\xe9\xc8\xfa\x3e\x7d\xfa\xa0\x6b\xd7\xae\
\x66\x79\x4c\xec\x41\x64\x40\x24\x07\x67\xe9\xa5\xa8\x6e\xbc\xa6\
\x8c\xc8\x91\x08\x82\x80\xb7\xdf\x7e\x1b\x3f\xfc\xf0\x03\x82\x83\
\x83\x59\x10\x33\x89\x8a\x8a\xc2\xa0\x41\x83\x0c\x6e\xb7\x6e\xdd\
\x3a\xbb\x7c\xbe\x73\xe7\xce\x55\xd4\xce\x5c\xbd\x87\x0c\x88\x0c\
\x88\xe4\x04\x2c\x39\xf5\x8c\x20\x08\x70\x73\x73\x63\xd1\xc9\x21\
\x3d\xf6\xd8\x63\x38\x79\xf2\x24\x5e\x7b\xed\x35\x16\xc3\x02\x94\
\x84\x9f\xf8\xf8\x78\xa4\xa4\xa4\xd8\xd5\xf3\xbc\x70\xe1\x02\x0e\
\x1e\x3c\x68\x70\xbb\xa0\xa0\x20\x3c\xfb\xec\xb3\x0c\x88\x0c\x88\
\x44\xca\x14\x14\x14\x58\xec\xbe\xec\x79\x04\x21\xd1\xad\x74\xec\
\xd8\x11\xdf\x7f\xff\x3d\xbe\xfe\xfa\x6b\x44\x44\x44\xb0\x20\x16\
\x0c\xe4\x8d\x1b\x37\x36\xb8\x9d\xbd\xf5\x22\xbe\xf3\xce\x3b\x16\
\x0b\xd0\x0c\x88\x0c\x88\x44\xd5\x2c\xd9\x83\xc8\x80\x48\x8e\xa4\
\x5d\xbb\x76\xf8\xfc\xf3\xcf\x71\xf8\xf0\x61\x8c\x18\x31\x82\x05\
\xb1\x82\x89\x13\x27\x1a\xdc\xe6\x93\x4f\x3e\x31\xf9\xd2\x89\xe6\
\xb4\x72\xe5\x4a\x45\xed\x9e\x7f\xfe\x79\x06\x44\x06\x44\x22\xe5\
\x2c\xd9\x83\xe8\xe1\xe1\xc1\x82\x93\xdd\xeb\xd3\xa7\x0f\x56\xaf\
\x5e\x8d\xe4\xe4\x64\x3c\xf7\xdc\x73\x2c\x48\x1d\x2c\x35\x5b\x81\
\x92\x5e\xb2\xaa\x29\x6f\xec\xc1\x97\x5f\x7e\xa9\xa8\xdd\xf0\xe1\
\xc3\x71\xd7\x5d\x77\x39\xc4\x3e\x66\x40\x24\xb2\x12\xf6\x20\x12\
\xdd\x59\x74\x74\x34\x16\x2d\x5a\x84\xd4\xd4\x54\xec\xda\xb5\x0b\
\x93\x26\x4d\x62\x51\x6c\x40\xb3\x66\xcd\x30\x7a\xf4\x68\x83\xdb\
\xad\x59\xb3\xc6\x2e\x9e\xdf\xac\x59\xb3\x14\xb5\xe3\x17\x17\xfb\
\xc1\x89\xb2\xc9\x66\x59\xb2\x07\xb1\x61\xc3\x86\x77\xf8\x4a\x7a\
\xa7\x7f\x14\xb8\xc3\x94\x7c\xd3\xaf\x77\x8d\xa9\x8a\x8f\x8f\x0f\
\x06\x0e\x1c\x88\x81\x03\x07\x62\xc0\x80\x01\xbc\xb6\xd0\xd0\x63\
\xce\x82\xbd\x4b\xe3\xc6\x8d\xc3\xb7\xdf\x7e\x6b\x50\x9b\xa4\xa4\
\x24\x6c\xd9\xb2\x05\x0f\x3e\xf8\xa0\xcd\xd6\xf0\xd0\xa1\x43\xc8\
\xce\xce\x36\xb8\x5d\xab\x56\xad\x78\xc9\x03\x03\x22\x91\x71\x0a\
\x0b\x0b\x2d\x3a\xd9\x69\x60\x60\xa0\x81\x2d\x84\x1a\x89\x86\xe1\
\x90\xcc\xa3\x55\xab\x56\x88\x8a\x8a\x42\x54\x54\x14\x3a\x74\xe8\
\x80\xa8\xa8\x28\x44\x46\x46\xb2\x30\x76\x62\xc8\x90\x21\x68\xdb\
\xb6\x2d\x4e\x9c\x38\x61\x50\xbb\xb5\x6b\xd7\xda\x74\x40\x9c\x37\
\x6f\x9e\xe2\xc0\x4c\x0c\x88\x44\x46\xb9\x78\xf1\xa2\x45\xef\x2f\
\x28\x28\xc8\xc8\x2d\xd4\x0c\x8c\x74\xeb\x1a\xe1\xa6\x3a\x09\x0c\
\xd8\x37\x09\x0f\x0f\x47\x7a\x7a\x3a\x0b\x61\x06\x96\xbe\x3e\x6d\
\xe2\xc4\x89\x06\xaf\x34\xb2\x79\xf3\x66\x24\x27\x27\xa3\x7d\xfb\
\xf6\x36\x57\xbf\x92\x92\x12\x6c\xdd\xba\x55\x71\x2d\x88\x01\x91\
\xc8\x28\x27\x4f\x9e\xb4\xad\x80\x28\x54\x06\x1b\x19\x90\x65\x40\
\x80\x0c\x40\xae\x3c\xb9\x5c\x15\x0e\x19\x10\xeb\x13\xa0\xe5\xca\
\xff\x17\x20\x40\x90\x65\xfd\x7f\x4b\xb2\xc5\x3b\x62\x7d\x7c\x7c\
\xf0\xe2\x8b\x2f\xd6\xff\x19\x08\x42\xad\x9b\x28\x8a\x37\xfd\x4e\
\x10\x04\x6c\xdf\xbe\x1d\x3b\x76\xec\x30\xea\xb1\x5d\xb8\x70\x01\
\xcf\x3f\xff\x3c\xd6\xaf\x5f\xcf\x43\xc7\xce\x8d\x1b\x37\x4e\xd1\
\x52\x74\x6b\xd7\xae\xc5\x87\x1f\x7e\x68\x73\xcf\xe7\xdd\x77\xdf\
\x55\xd4\xee\x89\x27\x9e\xe0\x04\xed\x0c\x88\x44\x0e\x18\x10\x01\
\x40\x96\xf4\x37\xc8\xd5\x21\xa7\x66\xe0\xa1\xdb\x16\xaf\x8e\xdf\
\x54\x86\x6c\xb9\xf2\x52\x02\x2b\x8c\x3c\x5c\xb0\x60\x81\xc9\xb7\
\x39\x67\xce\x1c\x8c\x1c\x39\x12\xff\xfd\xef\x7f\x8d\xda\xce\x67\
\x9f\x7d\x86\xfe\xfd\xfb\xe3\x89\x27\x9e\xe0\xe1\x63\xca\x23\xd1\
\xc2\xc7\x99\xbf\xbf\xbf\xa2\xb0\xbf\x7a\xf5\x6a\x2c\x5e\xbc\x18\
\x9e\x9e\x9e\x36\x55\xbf\xf9\xf3\xe7\x2b\x6a\xa7\x64\x09\x42\x62\
\x40\x24\xb2\xf9\x80\x28\x08\x02\x5c\x7c\x7d\xe1\xd5\x24\x0c\x5e\
\x19\xe1\x50\x7b\x79\x43\x90\x25\xe8\xfb\x12\x65\x9e\x26\x35\x28\
\x28\x56\xd6\x4a\x00\x24\x9d\x04\x57\x4f\x4f\xb8\x05\x05\x40\x70\
\x75\x9c\xb7\xa3\xb8\xb8\x38\x44\x45\x45\x19\x7d\x1c\x3f\xf9\xe4\
\x93\x18\x30\x60\x00\x7b\x5e\xec\xdc\xf8\xf1\xe3\x0d\x0e\x88\x65\
\x65\x65\x58\xbb\x76\x2d\xfe\xf9\xcf\x7f\xda\xcc\xf3\x50\xba\x5e\
\x74\xc7\x8e\x1d\xd1\xbf\x7f\x7f\x1e\x08\x0c\x88\x44\xc6\x4b\x4d\
\x4d\xb5\xe8\xfd\xb5\x69\xd3\xe6\xf6\x01\xd1\xd5\x05\x0d\xda\xb6\
\x46\xc4\xd8\xb1\x68\xd2\xbb\x0f\xe0\xa2\x86\x04\x09\x02\x44\xc8\
\x90\x2a\x03\x22\x43\xe2\x9d\xc3\x61\x8d\x9a\x02\x80\x04\x88\xae\
\x2e\xf0\xeb\xd0\x06\x6e\x7e\x0d\x1c\xe6\x99\xba\xba\xba\x22\x2e\
\x2e\x0e\x5d\xba\x74\x31\x7a\x5b\x9d\x3b\x77\xb6\xf8\x35\xb9\x0e\
\x7d\x14\x5a\xa1\xa7\xba\x67\xcf\x9e\xb8\xf7\xde\x7b\xf1\xc7\x1f\
\x7f\x18\xd4\x6e\xdd\xba\x75\x36\x15\x10\x5f\x7a\xe9\x25\x45\xed\
\x38\x38\x85\x01\x91\xc8\x64\x2c\xdd\x83\x78\xa7\x80\x28\xba\xa8\
\xe1\x15\xd6\x18\x1e\xc1\x81\x90\x75\x12\x20\x08\x80\x2c\x57\xf7\
\x87\xc9\x9c\xea\xa6\x9e\x01\xb1\x76\x8d\x04\x01\x10\x04\x11\x82\
\x5a\x05\x95\xab\x8b\x43\x3d\xdb\xce\x9d\x3b\xe3\xcb\x2f\xbf\xc4\
\x33\xcf\x3c\x63\xd4\x76\x2e\x5d\xba\x84\x67\x9f\x7d\x16\x5f\x7c\
\xf1\x05\x0f\x21\x3b\x36\x61\xc2\x04\x83\x03\x62\x52\x52\x12\x7e\
\xfc\xf1\x47\x0c\x1f\x3e\xdc\xea\x8f\xff\xdc\xb9\x73\x06\x8f\xc6\
\xae\xfa\xb2\x34\x65\xca\x14\x1e\x00\x0c\x88\x44\xc6\xcb\xc9\xc9\
\x41\x66\x66\xa6\xc5\xee\x2f\x28\x28\xa8\x5e\xa7\x98\x05\xb5\x0a\
\xa2\x9a\x2b\xae\x50\xfd\x3d\xfd\xf4\xd3\x48\x4e\x4e\xc6\xb2\x65\
\xcb\x8c\xda\xce\x97\x5f\x7e\x89\x01\x03\x06\xe0\xe9\xa7\x9f\x66\
\x51\x8d\xfd\x9a\x62\xa5\x55\x36\xc6\x8d\x1b\x87\x19\x33\x66\x18\
\xbc\x94\xde\xda\xb5\x6b\x6d\x22\x20\x2a\xbd\xf6\x70\xdc\xb8\x71\
\x70\x75\x75\xe5\x81\x67\x87\xb8\x92\x0a\xd9\x9c\x94\x94\x14\x8b\
\xde\xdf\x9d\x7a\x0f\x89\x8c\xb1\x74\xe9\x52\x0c\x1b\x36\xcc\xe8\
\xed\x3c\xf3\xcc\x33\xb8\x7c\xf9\x32\x0b\x6a\xa7\x01\x51\xa5\x52\
\xe1\x85\x17\x5e\x30\xb8\xdd\x8f\x3f\xfe\x88\xa4\xa4\x24\xab\xd7\
\x4d\xe9\xd2\x7a\x9c\xda\x86\x01\x91\xc8\x64\xb6\x6f\xdf\x6e\xd1\
\xfb\x6b\xdb\xb6\x2d\x8b\x4e\x66\x15\x17\x17\x87\xe6\xcd\x9b\x1b\
\xbd\x9d\xce\x9d\x3b\xb3\x98\x76\x4c\xe9\xb5\x78\x6b\xd7\xae\xb5\
\xea\xe3\x5e\xb5\x6a\x95\xa2\x76\xf7\xdd\x77\x9f\x49\xae\xc3\x25\
\x06\x44\x22\x00\xc0\xaf\xbf\xfe\x6a\xd1\xfb\xbb\xfb\xee\xbb\x59\
\x74\x32\x2b\x1f\x1f\x1f\xc4\xc5\xc5\x19\xbd\x9d\xcc\xcc\x4c\x3c\
\xf5\xd4\x53\x2c\xa8\x11\xac\xd5\x83\x08\x00\x1d\x3a\x74\xc0\xc0\
\x81\x03\x0d\x6e\xb7\x66\xcd\x1a\x14\x17\x17\x5b\xed\x71\x2b\x5d\
\x77\x99\x53\xdb\x30\x20\x12\x99\x4c\x76\x76\x36\x12\x12\x12\x2c\
\x7a\x9f\xdd\xba\x75\x63\xe1\xc9\xec\xba\x77\xfe\xba\x86\x98\x00\
\x00\x20\x00\x49\x44\x41\x54\xef\x6e\x92\x9e\xa0\xff\xfc\xe7\x3f\
\xf8\xfc\xf3\xcf\x59\x50\x3b\x35\x61\xc2\x04\x83\xdb\x54\x4d\x79\
\x63\x0d\xfb\xf7\xef\x47\x79\x79\xb9\xc1\xed\x02\x02\x02\xf0\xdc\
\x73\xcf\x71\x87\x33\x20\x12\x99\x86\xa5\x4f\x2f\xbb\xb8\xb8\xa0\
\x6b\xd7\xae\x2c\x3c\x59\x2c\x1c\x18\xb2\x7a\xcb\xad\x8c\x1f\x3f\
\x1e\x17\x2e\x5c\x60\x41\x15\xb0\x66\x0f\x22\x00\x8c\x19\x33\x06\
\x21\x21\x21\x06\xb7\x5b\xb7\x6e\x9d\x55\x1e\xef\xec\xd9\xb3\x15\
\xb5\xe3\xd4\x36\x0c\x88\x44\x26\x65\xe9\xd3\xcb\x5d\xbb\x76\x85\
\x20\x70\x7a\x1a\xb2\x9c\x0f\x3e\xf8\x40\xd1\x69\xc6\x1b\xf1\x7a\
\x44\xfb\xa5\x64\xb0\x4a\x72\x72\x32\x36\x6d\xda\x64\xd1\xc7\x99\
\x9f\x9f\x8f\xbd\x7b\xf7\x2a\x6a\x3b\x79\xf2\x64\xee\x68\x06\x44\
\x22\xd3\xb1\x74\x0f\x22\x4f\x2f\x93\x35\xc4\xc5\xc5\xa1\x51\xa3\
\x46\x46\x6d\x23\x2b\x2b\x0b\x63\xc7\x8e\x65\x31\x0d\x64\xed\x1e\
\x44\x40\x79\xef\x9a\xa5\x7b\x11\x17\x2e\x5c\xa8\xa8\xdd\xd0\xa1\
\x43\x11\x11\x11\xc1\x83\x8d\x01\x91\xc8\x34\x7e\xfb\xed\x37\xa4\
\xa7\xa7\x5b\xf4\x3e\x7b\xf5\xea\xc5\xc2\x93\xc5\x05\x04\x04\x98\
\x64\xd0\xca\xc6\x8d\x1b\xad\x76\xea\x91\x94\x6b\xda\xb4\x29\x46\
\x8e\x1c\x69\x70\xbb\x2d\x5b\xb6\x20\x31\x31\xd1\x62\x8f\x73\xf9\
\xf2\xe5\x8a\xda\x29\xb9\xce\x92\x18\x10\x89\x6e\xe9\xd3\x4f\x3f\
\xb5\xf8\x7d\x0e\x1a\x34\x88\x85\x27\xab\xe8\xd3\xa7\x8f\xe2\xe9\
\x43\x6a\x9a\x38\x71\x22\xce\x9f\x3f\xcf\x82\xd6\x93\x2d\xf4\x20\
\x56\xed\x37\x25\x2c\xf5\x85\xe0\x9b\x6f\xbe\x51\xd4\xae\x45\x8b\
\x16\x78\xf4\xd1\x47\x79\xa0\x31\x20\x12\x99\x46\x6a\x6a\xaa\xe2\
\x37\x24\xa5\x06\x0c\x18\x00\x1f\x1f\x1f\x16\x9f\xac\x66\xea\xd4\
\xa9\x98\x3a\x75\xaa\xd1\xdb\xe9\xd4\xa9\x13\x8b\x69\x67\x06\x0d\
\x1a\x84\xd6\xad\x5b\x1b\xdc\x6e\xed\xda\xb5\x28\x2c\x2c\x34\xfb\
\xe3\x9b\x39\x73\xa6\xa2\x76\x1c\x9c\xc2\x80\x48\x64\x52\xab\x57\
\xaf\xb6\xca\x1b\x34\x91\xb5\xad\x5a\xb5\x0a\xf7\xdf\x7f\xbf\x51\
\xdb\xc8\xcb\xcb\xc3\xe8\xd1\xa3\x59\xcc\x7a\xb0\x95\x1e\x44\x40\
\xd9\x60\x95\xb2\xb2\x32\xb3\xf7\x22\x9e\x3c\x79\x52\xf1\xaa\x3d\
\x4a\x9e\x13\x31\x20\x12\xd5\xa9\xb0\xb0\xd0\x2a\xa7\x97\x07\x0f\
\x1e\xcc\xe2\x93\x4d\x88\x8b\x8b\x43\x40\x40\x80\x51\xdb\xf8\xee\
\xbb\xef\xac\xf2\x3a\x62\x40\x54\xce\x56\x57\x56\x79\xe5\x95\x57\
\x14\xb5\x1b\x3b\x76\x2c\x02\x03\x03\x79\x90\x31\x20\x12\x99\xc6\
\xea\xd5\xab\x0d\x5e\xc0\xde\x58\x1d\x3a\x74\x40\x87\x0e\x1d\x58\
\x7c\xb2\x09\x8d\x1b\x37\x36\xc9\xa0\x95\x17\x5e\x78\x01\x67\xce\
\x9c\x61\x41\xed\x84\x9f\x9f\x9f\xa2\xd5\x46\x8e\x1f\x3f\x8e\xf8\
\xf8\x78\xb3\x3d\xae\x1f\x7e\xf8\x41\x51\xbb\x49\x93\x26\x71\xa7\
\x32\x20\x12\x99\x46\x6e\x6e\xae\xe2\x91\x72\xc6\x78\xe6\x99\x67\
\x58\x7c\xb2\x29\x03\x07\x0e\xc4\x07\x1f\x7c\x60\xf4\x76\x3a\x76\
\xec\xc8\x62\xde\x86\x2d\xf5\x20\x02\xca\x47\xfc\xae\x5f\xbf\xde\
\x2c\x8f\x67\xe9\xd2\xa5\x8a\xda\x45\x47\x47\xa3\x6f\xdf\xbe\x3c\
\xc0\x18\x10\x89\x4c\x63\xce\x9c\x39\xb8\x72\xe5\x8a\xc5\xef\xf7\
\xe9\xa7\x9f\x66\xf1\xc9\xe6\xbc\xf8\xe2\x8b\x78\xfe\xf9\xe7\x8d\
\xda\x46\x51\x51\x11\x47\x91\xda\x91\x1e\x3d\x7a\xe0\x9e\x7b\xee\
\x31\xb8\xdd\x96\x2d\x5b\x90\x9c\x9c\x6c\xf2\xc7\xf3\xea\xab\xaf\
\x2a\x6a\x67\xec\x71\x4b\x0c\x88\x44\xd5\x36\x6f\xde\x6c\x95\xf5\
\x45\xc7\x8c\x19\x83\xd0\xd0\x50\xee\x00\xb2\x49\xeb\xd6\xad\x43\
\xf7\xee\xdd\x8d\xda\x46\x7c\x7c\xbc\x49\xa6\xd0\x71\x44\xb6\xd6\
\x83\x08\x00\x53\xa6\x4c\x51\xd4\xce\xd4\xbd\x88\x3b\x77\xee\x54\
\xd4\x4e\xad\x56\x9b\x64\x34\x3e\x31\x20\x12\x41\x96\x65\xc5\x6b\
\x7c\x1a\x8b\xa7\x97\xc9\xd6\xc5\xc5\xc5\x19\x3d\x05\xd3\xf4\xe9\
\xd3\x91\x9a\x9a\xca\x62\xda\x81\xf1\xe3\xc7\xc3\xd5\xd5\xd5\xea\
\x01\x71\xd6\xac\x59\x8a\xda\x8d\x1b\x37\x0e\x6a\xb5\x9a\x3b\x92\
\x01\x91\xc8\x78\xb3\x67\xcf\xb6\xca\x87\x57\x87\x0e\x1d\x30\x6c\
\xd8\x30\xee\x00\xb2\x69\xcd\x9b\x37\xc7\x86\x0d\x1b\x8c\xde\x0e\
\xe7\x47\xac\xfb\xcb\xa9\xad\x11\x04\x41\x51\x0f\x5c\x41\x41\x01\
\x3e\xf9\xe4\x13\x93\x3c\x86\xec\xec\x6c\x1c\x3d\x7a\x54\x51\x5b\
\x4e\x6d\xc3\x80\x48\x64\x12\xf1\xf1\xf1\x78\xef\xbd\xf7\xac\x72\
\xdf\xd3\xa6\x4d\xe3\x0e\x20\xbb\xf0\xe0\x83\x0f\x2a\x1e\x30\x50\
\xa5\xb4\xb4\x14\xc3\x87\x0f\x67\x31\xed\x80\xb5\x07\xab\x28\xbd\
\xf6\xb0\x57\xaf\x5e\xfc\x22\xc2\x80\x48\x64\xbc\x5d\xbb\x76\x29\
\x5a\x83\xd4\x14\x1a\x35\x6a\xa4\xf8\x5a\x1f\x22\x6b\x98\x33\x67\
\x8e\xd1\x03\xaa\xb6\x6c\xd9\x82\x8f\x3e\xfa\x88\xc5\xac\x64\x8b\
\x3d\x88\x00\xd0\xbe\x7d\x7b\xf4\xeb\xd7\xcf\xe0\x76\x7f\xfd\xf5\
\x17\xb6\x6f\xdf\x6e\xf4\xfd\x2b\xbd\x1e\x9c\x53\xdb\x30\x20\x12\
\x19\xed\xf0\xe1\xc3\x18\x39\x72\x24\x24\x49\xb2\xca\xfd\xb3\xf7\
\x90\xec\xd1\x97\x5f\x7e\x69\x74\x0f\xcd\x8b\x2f\xbe\x88\x94\x94\
\x14\x16\xd3\xc6\x29\xfd\x02\xfb\xd9\x67\x9f\x19\x75\xbf\x4a\x57\
\x66\xf1\xf7\xf7\xe7\x35\xdd\x0c\x88\x44\xc6\x39\x77\xee\x1c\x46\
\x8d\x1a\x85\x9c\x9c\x1c\xab\xdc\xbf\x9b\x9b\x1b\x03\x22\xd9\xad\
\xb8\xb8\x38\x45\x83\x18\x6a\xe2\xfc\x88\x7a\xb6\xda\x83\x08\x00\
\xa3\x47\x8f\x56\xb4\x12\xc9\xd7\x5f\x7f\x6d\xd4\x62\x03\x4a\x07\
\xa7\x28\x99\xe4\x9b\x18\x10\x89\x6e\x0a\x87\x67\xcf\x9e\xb5\xda\
\x63\x98\x3b\x77\x2e\xfc\xfc\xfc\xb8\x33\xc8\x2e\xb5\x69\xd3\xc6\
\xe8\x95\x56\x2a\x2a\x2a\x30\x74\xe8\x50\x06\x44\x1b\x0e\x88\x00\
\x14\x4f\x17\xb3\x78\xf1\x62\x45\xed\x8e\x1d\x3b\x86\xc2\xc2\x42\
\x8b\x3e\x56\x62\x40\x24\xc2\xa1\x43\x87\x30\x6c\xd8\x30\xfc\xfd\
\xf7\xdf\x56\x7b\x0c\x77\xdd\x75\x17\x5e\x7f\xfd\x75\xee\x0c\xb2\
\x6b\x23\x46\x8c\xc0\x82\x05\x0b\x8c\xda\xc6\x4f\x3f\xfd\x84\xf7\
\xdf\x7f\x9f\xc5\xb4\x61\x96\x1e\xac\x32\x73\xe6\x4c\x45\xed\x06\
\x0f\x1e\x8c\x96\x2d\x5b\x72\x87\x31\x20\x12\x19\x6e\xe3\xc6\x8d\
\xe8\xd5\xab\x17\x8e\x1f\x3f\x6e\xd5\xc7\x31\x6f\xde\x3c\xee\x0c\
\x72\x08\x73\xe7\xce\xc5\x98\x31\x63\x8c\xda\xc6\xbf\xfe\xf5\x2f\
\x1c\x3b\x76\xcc\x69\x6b\x68\xeb\x3d\x88\xe1\xe1\xe1\x78\xe4\x91\
\x47\x0c\x6e\x97\x91\x91\x81\x8d\x1b\x37\x1a\xdc\x6e\xc7\x8e\x1d\
\x8a\x1e\x27\x07\xfc\x31\x20\x12\x29\xb2\x64\xc9\x12\x8c\x1d\x3b\
\x16\xe5\xe5\xe5\x56\x7d\x1c\x31\x31\x31\x78\xe2\x89\x27\xb8\x43\
\xc8\x61\xc4\xc5\xc5\xa1\x7d\xfb\xf6\x46\x6d\x83\xd7\x23\xda\x36\
\xa5\xf3\x0a\x7e\xfc\xf1\xc7\x06\xfd\xbd\xd2\x33\x2b\xcd\x9a\x35\
\xc3\xc3\x0f\x3f\xcc\x1d\xc5\x80\x48\x54\x7f\x15\x15\x15\x98\x30\
\x61\x02\x5e\x7b\xed\x35\x9b\x78\x3c\x0b\x17\x2e\xe4\x4e\x21\xc7\
\x7a\xd3\x16\x45\xa3\xaf\x47\x94\x24\x09\x31\x31\x31\x4e\x59\x3f\
\x5b\xef\x41\xac\xfa\x62\xab\xe4\xf4\xed\x9e\x3d\x7b\x90\x91\x91\
\x51\xef\xbf\x57\x7a\xdd\xa2\xd2\xd3\xe0\xc4\x80\x48\x4e\xea\xcb\
\x2f\xbf\x44\xeb\xd6\xad\x4d\xbe\xfc\x93\x52\x8b\x17\x2f\x46\xb7\
\x6e\xdd\xb8\x63\xc8\xe1\x44\x45\x45\x19\x1d\x12\xb7\x6f\xdf\x8e\
\x77\xde\x79\x87\xc5\xb4\x51\x4a\x67\x5d\x98\x3b\x77\x6e\xbd\xfe\
\x6e\xd3\xa6\x4d\x8a\x1f\x1b\x07\xa7\x30\x20\x12\xd5\xcb\xc1\x83\
\x07\x31\x64\xc8\x10\x3c\xfb\xec\xb3\x48\x4b\x4b\xb3\x89\xc7\xd4\
\xbf\x7f\x7f\xc5\x2b\x03\x10\xd9\x83\xb1\x63\xc7\x1a\x3d\xf8\x6a\
\xce\x9c\x39\x38\x72\xe4\x88\x53\xd5\xcd\x1e\x7a\x10\x01\xe0\xf9\
\xe7\x9f\x57\xd4\xae\xbe\x5f\xd0\x95\x0e\x4e\x19\x33\x66\x0c\x1a\
\x36\x6c\xc8\x17\x20\x03\x22\xd1\xad\x15\x15\x15\x61\xd6\xac\x59\
\xe8\xd6\xad\x1b\x7e\xfe\xf9\x67\x9b\x7a\x6c\x1f\x7e\xf8\x21\x77\
\x10\x39\xbc\x45\x8b\x16\x29\x1a\xd0\x50\x13\x97\x49\xb3\x4d\x0d\
\x1a\x34\xc0\xb3\xcf\x3e\xab\xa8\xed\xea\xd5\xab\x6f\xfb\xef\x19\
\x19\x19\x38\x77\xee\x9c\xa2\x6d\xb3\xf7\x90\x01\x91\xe8\x96\x4e\
\x9f\x3e\x8d\x39\x73\xe6\xa0\x69\xd3\xa6\xf8\xe0\x83\x0f\x6c\xee\
\xf1\xad\x5c\xb9\x12\x1d\x3a\x74\xe0\x8e\x22\xa7\x10\x17\x17\x87\
\xd6\xad\x5b\x1b\xb5\x8d\xfe\xfd\xfb\x3b\x4d\xbd\xec\xa5\x07\x11\
\x50\x3e\x52\x78\xf9\xf2\xe5\xb7\xfd\x77\xa5\x13\x63\x77\xe8\xd0\
\x01\x7d\xfa\xf4\xe1\x8b\x8e\x01\x91\xa8\xb6\x1f\x7f\xfc\x11\x8f\
\x3d\xf6\x18\x5a\xb7\x6e\x8d\x77\xde\x79\x07\xb9\xb9\xb9\x36\xf7\
\x18\x5f\x7a\xe9\x25\xae\x98\x42\x4e\xc5\xdd\xdd\xdd\xe8\xeb\x11\
\x77\xee\xdc\x89\x25\x4b\x96\xb0\x98\x36\xa6\x7b\xf7\xee\x8a\x7a\
\x78\x4f\x9d\x3a\x75\xdb\xe9\xc5\xbe\xfe\xfa\x6b\x45\x8f\x67\xf2\
\xe4\xc9\xdc\x29\x0c\x88\x44\x7a\xdb\xb6\x6d\xc3\xe4\xc9\x93\x11\
\x18\x18\x88\x87\x1e\x7a\x08\xdf\x7c\xf3\x8d\xcd\x3e\xd6\x91\x23\
\x47\xe2\xdd\x77\xdf\xe5\x4e\x23\xa7\xd3\xa5\x4b\x17\xfc\xdf\xff\
\xfd\x9f\x51\xdb\x78\xed\xb5\xd7\xf0\xd7\x5f\x7f\x39\x7c\xad\xec\
\xa9\x07\x11\x50\x7e\x4a\xf7\xa5\x97\x5e\xaa\xf3\xf7\x4a\xcf\xfa\
\x88\xa2\xc8\xd3\xcb\x4e\x46\xcd\x12\x50\x4d\x29\x29\x29\xd8\xb1\
\x63\x47\xf5\xad\xa8\xa8\xc8\x2e\x1e\x77\xe7\xce\x9d\xf1\xef\x7f\
\xff\x9b\x3b\x90\x9c\xd6\xb3\xcf\x3e\x8b\xe4\xe4\x64\xa3\xbe\x24\
\xdd\x73\xcf\x3d\x76\x17\xa0\x1c\xdd\x84\x09\x13\x30\x65\xca\x14\
\xe8\x74\x3a\x83\xda\x6d\xdd\xba\xb5\xce\xdf\x2b\x3d\xbd\x3c\x61\
\xc2\x04\x88\x22\xfb\x94\x9c\x09\xf7\xb6\x93\xd2\xe9\x74\x48\x4e\
\x4e\xc6\x86\x0d\x1b\x30\x7b\xf6\x6c\xc4\xc4\xc4\x20\x38\x38\x18\
\xed\xdb\xb7\xc7\x8c\x19\x33\xb0\x69\xd3\x26\xbb\x09\x87\x2d\x5b\
\xb6\xc4\x57\x5f\x7d\x05\x0f\x0f\x0f\xee\x58\x72\x6a\xef\xbc\xf3\
\x0e\x86\x0c\x19\x62\xd4\x36\x1c\xfd\x1a\x33\x7b\x0c\xc0\x4a\x7b\
\xee\x96\x2d\x5b\x56\xeb\xbf\xf7\xed\xdb\x67\xf1\xc7\x40\xf6\x8b\
\x3d\x88\x0e\xaa\xb4\xb4\x14\x99\x99\x99\xb8\x72\xe5\x4a\xf5\xff\
\x9f\x3b\x77\x0e\x27\x4e\x9c\x40\x6a\x6a\x2a\x4e\x9c\x38\xe1\x10\
\xcf\xb3\x65\xcb\x96\xd8\xb2\x65\x0b\x22\x23\x23\xb9\xd3\x89\xa0\
\x1f\xb4\x12\x1d\x1d\x8d\xf4\xf4\x74\x45\xed\xf7\xec\xd9\x83\x45\
\x8b\x16\xe1\x8d\x37\xde\x60\x40\xb4\x11\x53\xa6\x4c\x41\x6c\x6c\
\xac\xc1\xed\x16\x2d\x5a\x84\x39\x73\xe6\x54\xff\xb7\xd2\xde\xc3\
\x1e\x3d\x7a\xe0\xee\xbb\xef\xe6\x8b\x8b\x01\x91\x2c\x65\xd7\xae\
\x5d\x78\xf1\xc5\x17\xa1\x56\xab\x6b\xdd\x04\x41\xa8\xf3\xef\x75\
\x3a\x1d\x2a\x2a\x2a\xa0\xd5\x6a\xab\x6f\xe5\xe5\xe5\xc8\xc9\xc9\
\x41\x6e\x6e\x6e\xad\xff\x2f\x28\x28\x70\xf8\xfa\x31\x1c\x12\xdd\
\xac\x41\x83\x06\x88\x8b\x8b\x43\xaf\x5e\xbd\x14\x6f\x63\xee\xdc\
\xb9\x88\x89\x89\xe1\x44\xf3\x36\xa2\x5d\xbb\x76\xe8\xd3\xa7\x0f\
\x76\xef\xde\x6d\x50\xbb\xa2\xa2\x22\xec\xdf\xbf\x1f\x3d\x7a\xf4\
\x40\x45\x45\x05\xfe\xfc\xf3\x4f\x45\xf7\xcf\xde\x43\x06\x44\xb2\
\xb0\xc4\xc4\x44\x24\x26\x26\xb2\x10\x0c\x87\x44\x26\xd5\xb3\x67\
\x4f\xac\x59\xb3\x06\x93\x26\x4d\x52\xbc\x8d\x7b\xef\xbd\xd7\x21\
\xaf\x47\xb4\xd7\xe7\x34\x75\xea\x54\x83\x03\x22\xa0\x1f\xac\xb2\
\x6f\xdf\x3e\xc5\xbd\x87\x0d\x1a\x34\xc0\x53\x4f\x3d\xc5\x17\x95\
\x13\xe2\x35\x88\x64\x77\xba\x77\xef\x8e\x9d\x3b\x77\x32\x1c\x12\
\xdd\xc6\xc4\x89\x13\x31\x63\xc6\x0c\xa3\xb6\xd1\xbb\x77\x6f\x16\
\xd2\x46\x8c\x19\x33\x06\xfe\xfe\xfe\x06\xb7\x4b\x48\x48\x00\xa0\
\x9f\x1f\x56\x09\x4e\x6d\xc3\x80\x48\x64\x17\x1e\x7a\xe8\x21\xfc\
\xf6\xdb\x6f\x68\xd6\xac\x19\x8b\x41\x74\x07\x1f\x7d\xf4\x91\x51\
\x93\x60\xef\xdb\xb7\x0f\x6f\xbd\xf5\x96\x43\xd5\xc4\x9e\x7b\x45\
\x95\x9e\xea\x1d\x3e\x7c\xb8\xe2\xfb\x7c\xe1\x85\x17\xf8\x42\x62\
\x40\x24\xb2\x6d\x13\x27\x4e\xc4\xa6\x4d\x9b\xe0\xee\xee\xce\x62\
\x10\xd5\x53\x5c\x5c\x1c\x42\x43\x43\x15\xb7\x9f\x3f\x7f\x7e\x75\
\x2f\x14\x59\x97\xd2\x95\x55\xb6\x6c\xd9\xa2\xa8\xdd\xe0\xc1\x83\
\xd1\xbc\x79\x73\x16\x9e\x01\x91\xc8\x76\x2d\x5a\xb4\x08\x6b\xd6\
\xac\x61\x21\x88\x0c\x14\x14\x14\x64\xf4\x4a\x2b\xc6\x0c\x78\xb1\
\x35\xf6\xdc\x83\x18\x16\x16\x66\x54\x6f\xa0\xa1\x38\x38\x85\x01\
\x91\xc8\x66\x45\x44\x44\x60\xfb\xf6\xed\x78\xfd\xf5\xd7\x59\x0c\
\x22\x85\x1e\x78\xe0\x01\x45\xd3\xa4\xd4\xd4\xbd\x7b\x77\x16\xd2\
\x06\x58\x2a\xb4\x85\x87\x87\x5b\x34\x8c\x12\x03\x22\x51\xbd\x3d\
\xf9\xe4\x93\xf8\xeb\xaf\xbf\x30\x60\xc0\x00\x16\x83\xc8\x48\xd3\
\xa7\x4f\x57\x7c\x8a\x12\x00\xfe\xf8\xe3\x0f\xbc\xf9\xe6\x9b\x76\
\x5f\x07\x7b\x1f\x99\x3d\x78\xf0\x60\x8b\x5c\x83\x6d\xcc\xb1\x42\
\x0c\x88\x44\x66\xe1\xef\xef\x8f\x95\x2b\x57\xe2\xab\xaf\xbe\x82\
\xaf\xaf\x2f\x0b\x42\x64\x22\x9f\x7c\xf2\x09\xee\xbb\xef\x3e\xc5\
\xed\x17\x2e\x5c\x88\xdf\x7f\xff\x9d\x85\xb4\xb2\x69\xd3\xa6\x99\
\xfd\x3e\x78\x7a\x99\x18\x10\xc9\xa6\x4c\x99\x32\x05\x27\x4f\x9e\
\xb4\xc8\x1b\x20\x91\x33\xda\xb0\x61\x83\xa2\xe9\x52\xaa\xdc\x7f\
\xff\xfd\x76\xfd\xfc\x1d\x61\x6e\x47\x73\xf7\xee\x8d\x1d\x3b\x16\
\x7e\x7e\x7e\x7c\xb1\x30\x20\x12\x59\x5f\xef\xde\xbd\xf1\xdb\x6f\
\xbf\xe1\x93\x4f\x3e\x41\x60\x60\x20\x0b\x42\x64\x26\x61\x61\x61\
\x46\x0f\x5a\xe9\xda\xb5\x2b\x03\xa2\x15\xf9\xf8\xf8\x98\x75\xf2\
\x6a\xf6\x1e\x12\x03\x22\x59\x5d\xfb\xf6\xed\xb1\x7e\xfd\x7a\xfc\
\xfe\xfb\xef\x78\xe0\x81\x07\x58\x10\x22\x0b\x18\x34\x68\x10\x96\
\x2f\x5f\xae\xb8\xfd\xa1\x43\x87\xf0\xda\x6b\xaf\xb1\x90\x56\x64\
\xae\x10\xd7\xbe\x7d\x7b\xa3\x2e\x43\x20\x06\x44\x22\x93\x04\xc3\
\xa4\xa4\x24\x8c\x1f\x3f\x9e\x05\x21\xb2\xb0\x59\xb3\x66\x19\xf5\
\xda\x5b\xb2\x64\x09\x76\xed\xda\xc5\x42\x5a\x49\x8f\x1e\x3d\x10\
\x1d\x1d\x6d\x37\xc1\x93\x18\x10\x89\x6e\x2b\x3a\x3a\x9a\xc1\x90\
\xc8\x46\xac\x5f\xbf\x1e\xdd\xba\x75\x53\xdc\xbe\x6f\xdf\xbe\x2c\
\xa2\x15\x99\x23\xcc\x39\x42\x40\x74\xc4\x35\xc4\x19\x10\xc9\x61\
\x8d\x1c\x39\x12\x5b\xb7\x6e\xc5\xd1\xa3\x47\x19\x0c\x89\x6c\x48\
\x5c\x5c\x1c\xbc\xbc\xbc\x14\xb7\xef\xdc\xb9\x33\x8b\x68\x25\xa6\
\x5e\x27\xd9\x51\xa6\xb6\x61\x40\x64\x40\x24\x1b\x17\x14\x14\x84\
\x57\x5e\x79\x05\xa7\x4e\x9d\xc2\x77\xdf\x7d\x87\x21\x43\x86\xb0\
\x28\x44\x36\xa6\x65\xcb\x96\x46\x0d\x5a\x39\x7c\xf8\x30\xe6\xcc\
\x99\xc3\x42\x5a\x89\x29\x7b\xfc\x78\x7a\x99\x18\x10\xc9\x6c\x3c\
\x3c\x3c\xf0\xd4\x53\x4f\xe1\x87\x1f\x7e\xc0\xd5\xab\x57\xb1\x64\
\xc9\x12\x44\x44\x44\xb0\x30\x44\x36\x6c\xf8\xf0\xe1\x58\xbc\x78\
\xb1\xe2\xf6\xef\xbc\xf3\x0e\x76\xec\xd8\xc1\x42\xda\x71\x40\xec\
\xd5\xab\x17\xa2\xa2\xa2\x1c\xa2\x26\xec\x41\x34\x0d\x35\x4b\x40\
\xc6\xf2\xf3\xf3\x43\xff\xfe\xfd\x31\x72\xe4\x48\x8c\x1c\x39\x12\
\xae\xae\xae\x2c\x0a\x91\x9d\x79\xf5\xd5\x57\x91\x9c\x9c\x8c\xff\
\xfc\xe7\x3f\x8a\xda\x0f\x18\x30\x80\x1f\xcc\x56\xd0\xbe\x7d\x7b\
\xf4\xee\xdd\x1b\x7b\xf7\xee\xb5\x89\xa0\x49\x0c\x88\xe4\xe4\x7a\
\xf7\xee\x8d\x01\x03\x06\xa0\x7f\xff\xfe\xe8\xdd\xbb\x37\x0b\x42\
\xe4\x00\xbe\xfa\xea\x2b\x24\x27\x27\xe3\xc8\x91\x23\x8a\xda\x47\
\x47\x47\x23\x31\x31\x91\x85\xb4\xb0\xa9\x53\xa7\x1a\x15\x10\x7d\
\x7d\x7d\xf1\xc4\x13\x4f\x38\x4c\x3d\xf8\x45\x85\x01\x91\x2c\xc4\
\xdf\xdf\x1f\xf7\xde\x7b\x2f\xba\x77\xef\x5e\x7d\x6b\xd0\xa0\x01\
\x0b\x43\xe4\x80\xe2\xe2\xe2\x10\x1d\x1d\x8d\x8a\x8a\x0a\x83\xdb\
\x1e\x3b\x76\x0c\x2f\xbd\xf4\x12\xde\x7b\xef\x3d\x16\xd2\x82\x1e\
\x7f\xfc\x71\x4c\x99\x32\x05\x05\x05\x05\x8a\x03\xa6\x23\x61\x40\
\x64\x40\x24\x33\x68\xdb\xb6\x2d\x22\x23\x23\x11\x19\x19\x89\xb6\
\x6d\xdb\xa2\x63\xc7\x8e\x0e\x73\x5d\x0a\x11\xd5\xef\x3d\x60\xc3\
\x86\x0d\x18\x3d\x7a\xb4\xa2\xf6\xcb\x97\x2f\x47\x4c\x4c\x0c\x62\
\x62\x62\x58\x4c\x0b\x9a\x3a\x75\x2a\x96\x2e\x5d\xca\x80\x48\x0c\
\x88\xa4\x4c\x70\x70\x30\x9a\x35\x6b\x76\xd3\xad\x65\xcb\x96\x88\
\x8c\x8c\x84\x4a\xa5\x62\x91\x88\x9c\xdc\xa8\x51\xa3\x30\x7f\xfe\
\x7c\xcc\x9f\x3f\x5f\x51\xfb\x41\x83\x06\x41\x92\x24\x08\x82\xc0\
\x62\xda\x78\x40\x1c\x3a\x74\x28\xc2\xc3\xc3\x1d\xaa\x16\xec\x41\
\x64\x40\x74\x0a\xa2\x28\x42\xa5\x52\x41\xad\x56\x43\xa5\x52\xd5\
\xfa\xd9\xcb\xcb\x0b\xbe\xbe\xbe\x75\xde\x82\x83\x83\xeb\xbc\x71\
\x00\x09\x11\xd5\xc7\xbc\x79\xf3\x90\x9c\x9c\x8c\x6f\xbf\xfd\x56\
\x51\xfb\x0e\x1d\x3a\x20\x39\x39\x99\x85\xb4\x90\xf0\xf0\x70\x0c\
\x1d\x3a\x14\x5b\xb7\x6e\x35\x38\x58\x12\xd5\x45\x90\x19\xb5\x6d\
\xfa\xdb\x07\xbf\x81\x13\xdd\x59\x69\x69\xa9\xa2\x76\x1e\x1e\x1e\
\x2c\xde\x1d\x94\x95\x95\x29\x6e\xeb\xee\xee\xce\xfd\x6e\xe3\xaf\
\x05\x47\xad\x05\x8f\x0d\x06\x44\x22\x22\x22\x22\x32\x31\x4e\x94\
\x4d\x44\x44\x44\x44\x0c\x88\x44\x44\x44\x44\xc4\x80\x48\x44\x44\
\x44\x44\x0c\x88\x44\x44\x44\x44\xc4\x80\x48\x44\x44\x44\x44\x0c\
\x88\x44\x44\x44\x44\xc4\x80\x48\x44\x44\x44\x44\x0c\x88\x44\x44\
\x44\x44\xc4\x80\x48\x44\x44\x44\x44\x0c\x88\x44\x44\x44\x44\xc4\
\x80\x48\x44\x44\x44\x44\x0c\x88\x44\x44\x44\x44\xc4\x80\x48\x44\
\x44\x44\x44\x0c\x88\x44\x44\x44\x44\xc4\x80\x48\x44\x44\x44\x44\
\x0c\x88\x44\x44\x44\x44\xc4\x80\x48\x44\x44\x44\x44\x0c\x88\x44\
\x44\x44\x44\xc4\x80\x48\x44\x44\x44\x44\x0c\x88\x44\x44\x44\x44\
\x44\x0c\x88\x44\x44\x44\x44\xc4\x80\x48\x44\x44\x44\x44\x0c\x88\
\x44\x44\x44\x44\xc4\x80\x48\x44\x44\x44\x44\x0c\x88\x44\x44\x44\
\x44\xc4\x80\x48\x44\x44\x44\x44\x0c\x88\x44\x44\x44\x44\xc4\x80\
\x48\x44\x44\x44\x44\x0c\x88\x44\x44\x44\x44\xc4\x80\x48\x44\x44\
\x44\x44\x0c\x88\x44\x44\x44\x44\xc4\x80\x48\x44\x44\x44\x44\x0c\
\x88\x44\x44\x44\x44\xc4\x80\x48\x44\x44\x44\x44\x0c\x88\x44\x44\
\x44\x44\xc4\x80\x48\x44\x44\x44\x44\x0c\x88\x44\x44\x44\x44\xc4\
\x80\x48\x44\x44\x44\x44\x0c\x88\x44\x44\x44\x44\xc4\x80\x48\x44\
\x44\x44\x44\xc4\x80\x48\x44\x44\x44\x44\x0c\x88\x44\x44\x44\x44\
\xc4\x80\x48\x44\x44\x44\x44\x0c\x88\x44\x44\x44\x44\xc4\x80\x48\
\x44\x44\x44\x44\x0c\x88\x44\x44\x44\x44\xc4\x80\x48\x44\x44\x44\
\x44\x0c\x88\x44\x44\x44\x44\xc4\x80\x48\x44\x44\x44\x44\x0c\x88\
\x44\x44\x44\x44\xc4\x80\x48\x44\x44\x44\x44\x0c\x88\x44\x44\x44\
\x44\xc4\x80\x48\x44\x44\x44\x44\x0c\x88\x44\x44\x44\x44\xc4\x80\
\x48\x44\x44\x44\x44\x0c\x88\x44\x44\x44\x44\xc4\x80\x48\x44\x44\
\x44\x44\x0c\x88\x44\x44\x44\x44\xc4\x80\x48\x44\x44\x44\x44\x0c\
\x88\x44\x44\x44\x44\x44\x0c\x88\x44\x44\x44\x44\xc4\x80\x48\x44\
\x44\x44\x44\x0c\x88\x44\x44\x44\x44\xc4\x80\x48\x44\x44\x44\x44\
\x0c\x88\x44\x44\x44\x44\xc4\x80\x48\x44\x44\x44\x44\x0c\x88\x44\
\x44\x44\x44\xc4\x80\x48\x44\x44\x44\x44\x0c\x88\x44\x44\x44\x44\
\xc4\x80\x48\x44\x44\x44\x44\x0c\x88\x44\x44\x44\x44\x64\x93\xd4\
\x2c\x01\x11\xd1\xad\xc9\xb2\x5c\x7d\x13\x04\x01\xb2\x2c\x43\x92\
\x24\x48\x92\x74\xf3\x37\x6e\x51\x84\x28\x5e\xff\xde\x2d\x08\x42\
\xf5\x8d\x88\x88\x01\x91\x88\xc8\x8e\x03\xa1\x24\x49\x28\x29\x29\
\x81\xb6\xa2\x02\xc5\x25\xa5\xc8\xcb\xcb\x45\x59\x59\x19\x44\x41\
\x44\x79\x45\x39\xae\x64\x5c\x41\x51\x51\x11\x64\x59\x06\x20\x00\
\x02\xa0\xd5\x6a\x11\x14\x18\x88\xe0\x90\x10\xa8\x55\x2a\x48\xb2\
\x0c\x0f\x77\x77\xf8\xf9\xfb\xc3\xdd\xdd\x0d\xae\xae\xae\xf0\xf4\
\xf4\x84\x20\x08\xb5\x42\x24\x11\x11\x03\x22\x91\xe5\x3f\xed\x21\
\xe9\x24\x40\x96\x01\x01\x80\xcc\x92\x98\x4c\x55\x3d\x85\xca\x9e\
\x32\x51\x04\xec\xb0\xa7\x4c\xab\xd5\x22\x37\x37\x17\x99\x99\x57\
\x91\x9b\x9d\x83\x52\x4d\x29\x4a\x4a\x4a\x70\x35\xf3\x1a\x4a\x4a\
\x4a\x90\x97\x9b\x8b\xb4\xf4\x74\xe4\xe5\xe7\x41\x14\x44\x94\x96\
\x96\xe2\xf4\xc9\xd3\x28\x2a\x2e\x86\x2c\xe9\x80\xca\xb0\xa7\xd3\
\xe9\xe0\xef\xe7\x8f\xbb\xee\xba\x0b\x6e\xee\xae\xd0\x49\x3a\xf8\
\x37\xf0\x47\x78\xb3\xa6\x68\xd0\xa0\x01\x7c\x7d\x7d\x11\x1c\x1c\
\x04\x51\x14\xe1\xe3\xe3\x83\x46\x8d\x1a\x21\x30\x30\x00\x5e\x5e\
\xde\x70\x73\x73\xe5\xf1\x44\x44\xb6\xf5\x16\x2f\xeb\xbf\x02\x13\
\x39\x56\x2e\x04\x20\x48\x12\xca\x8b\x8a\x51\x76\x2d\x1b\xba\xa2\
\x12\x40\xa5\x82\x0c\xa9\x32\xd9\xe0\x7a\xba\x21\x85\xf9\x50\x80\
\x0c\x19\x02\x00\x17\x6f\x2f\xb8\x05\x05\xc0\xc5\xcb\xd3\x0e\xbe\
\x33\xc8\x28\x28\x28\x40\x76\x56\x36\x72\x72\x73\x70\xe5\x4a\x26\
\x8e\xa7\xa4\x60\xef\xde\x7d\x48\x3e\x96\x8c\xa2\x92\xe2\x5a\xa7\
\x90\x6f\x3c\x3d\x5c\xd5\x03\x58\xd7\x69\x63\x49\xd2\x55\xb6\x13\
\xf4\x61\xb9\xf2\xd4\x74\x55\xbb\xaa\x53\xd4\xde\xde\xde\xb8\xff\
\xfe\xfb\xd0\xa9\x53\x27\x34\x6b\xd6\x14\xa1\x8d\x1a\x21\x28\x30\
\x10\x01\x81\x01\xf0\xf7\xf7\xe7\xc1\x45\x44\x0c\x88\xb6\x24\x2d\
\x2d\x0d\xf9\xf9\x05\x10\x2a\x7b\x44\x58\x1a\x2b\x1c\x90\x82\x08\
\x1f\x1f\x6f\x84\x86\x86\xc2\xcd\xcd\xcd\xa8\x6d\x69\x4b\xcb\x90\
\x97\x92\x8a\xcb\x3b\xf7\x20\xff\xc4\x09\x08\xee\x1e\x90\x64\x1d\
\x44\x8e\xcd\x32\xd1\xbe\xd2\xbf\x46\x04\x00\xfe\xed\xdb\xa1\xc9\
\x80\x3e\xf0\x8d\x68\x09\x41\x65\x9b\xf5\x2d\x2a\x2a\xc2\xb5\x6b\
\xd7\x70\xe5\x4a\x26\xfe\x3c\xf0\x07\x7e\xfc\x71\x0b\x4e\x9c\x48\
\x85\xa6\x42\x03\x01\x82\x45\xaf\x17\xac\x3a\x8d\x5d\x45\x14\x45\
\x34\x6d\xda\x14\xa3\x46\x8d\x40\x4c\x4c\x0c\x02\x83\x82\xe0\xeb\
\xeb\x03\x5f\x5f\x5f\x1e\x68\xb7\xa0\xd3\xe9\x90\x9b\x9b\x8b\x6b\
\xd7\xae\xa1\xbc\xbc\x1c\x2a\x95\xca\xa4\xef\xd9\x82\x20\xe8\x7b\
\x85\xfd\x1b\x22\x2c\xac\x89\x43\x5c\x16\x70\xfe\xfc\x79\x14\x16\
\x16\x81\xa7\x52\xea\x4f\xad\x56\x23\x3c\x3c\x1c\xde\xde\xde\x0c\
\x88\xce\xec\xa9\x27\x9f\xc6\x8e\x1d\x3b\x51\x47\xb7\x40\xf5\x69\
\x24\x32\xef\x87\xa6\x28\x8a\x88\x19\x34\x10\xaf\xbf\xfe\x1a\x5a\
\xb7\x6e\x6d\xd4\xf6\x2a\x0a\x8a\x70\x71\xdb\x4e\x24\x7f\xfa\x29\
\x32\xfe\x4a\x80\xa8\x76\x61\x91\x4d\xbd\xcf\x20\x43\x90\x81\xf0\
\x3e\x03\xd1\xe1\x85\x17\x10\xda\xb7\x27\x44\xb5\xed\x5c\xb9\xa2\
\xd1\x68\x50\x50\x50\x80\xdc\xdc\x5c\x6c\xfd\xdf\x56\x7c\xf8\xe1\
\x0a\x94\x95\x95\x29\x0a\x81\x55\x6d\x64\x59\x86\x28\x08\x90\xcc\
\xf4\xd6\x29\xcb\x40\x48\x48\x30\x9e\x7a\xfa\x09\x0c\x1b\x36\x0c\
\xa1\xa1\xa1\xf0\xf3\xf3\xe3\x75\x8b\x37\xb8\x78\xf1\x22\xd6\xad\
\x5b\x8f\x0d\x5f\x6d\x40\x6e\x5e\x3e\xd4\x6a\x95\xc9\xef\x43\x92\
\x24\x3c\xf8\xe0\x30\xac\x88\xfd\x08\x5e\x5e\x5e\x8e\xf7\x19\x27\
\x54\x1e\x70\x32\xec\xf2\xf2\x10\xd3\x27\x22\x00\x92\x5c\x79\x49\
\x92\x00\x19\x80\x8f\xaf\x0f\xd6\xaf\x5b\x87\x5e\xbd\x7b\x42\xa5\
\x52\x39\x55\x39\x78\x0d\x62\x0d\x5a\xad\x0e\x82\x20\xdc\x3c\x3a\
\xb1\xf2\x54\x11\x99\x3f\x20\xca\xb2\x0c\x9d\x56\x32\x4d\x4f\x40\
\x75\x2f\x70\xe5\x0b\x9e\xfb\xd0\x1c\xdf\x30\xf5\xa7\xee\x65\xa9\
\xc6\x3b\xac\x6d\x04\xc3\xbc\xbc\x3c\x24\x24\x24\xe0\xe3\x55\x1f\
\x23\x2d\xed\x02\x2a\xb4\x15\xd0\x68\x34\xd5\xc7\x9a\xa1\x21\xb1\
\xe6\x31\x69\xf2\x70\x58\xb9\xbd\xaa\xad\x5e\xbd\x76\x15\x2b\x57\
\x7e\x8c\xff\xfb\xfc\x4b\x74\xe9\xd2\x19\x2f\xbe\xf8\x4f\x44\xb4\
\x8e\x80\x97\x97\x97\xd3\x7d\x48\xdd\xca\xb9\xb3\xe7\xb0\x7f\xef\
\x7e\x94\x94\x96\x42\x14\xcd\x73\xc6\x47\xa7\x93\x50\x54\x5c\x04\
\x8d\x46\xe3\x10\x01\x51\xab\xd5\xd5\xae\x93\x7c\xf3\x31\xe8\xe4\
\xdf\x78\xaf\x7f\xe6\x57\xbe\xe6\x75\x5a\x9d\xd3\x96\x83\x01\xb1\
\x06\x95\x4a\xe4\x94\x14\xd6\x0e\x1c\xb7\xb9\xbe\x4b\xd9\xf6\xf4\
\x03\x27\x04\x41\xe0\x37\x64\xb3\x7d\xe9\x16\xf4\x3d\xec\x56\xae\
\xaf\x2c\xcb\xd5\xa7\x1d\x7f\xdd\xfe\x2b\xfe\xfd\xd5\xbf\x91\x9e\
\x9e\x8e\xbc\xdc\x02\x54\x54\x54\x00\xb2\x0c\x51\xa5\xb2\xcd\xd7\
\x77\xe5\x63\x12\x6a\x7c\x50\x95\x95\x96\xa1\xac\xb4\x0c\xbb\x76\
\xed\x46\x6a\x6a\x2a\x22\x23\xdb\x62\xda\xf4\x69\x88\x8e\x8e\x86\
\xab\xab\xab\xd3\xbf\x4f\xe5\xe5\xe5\x21\x2b\x3b\x0b\xda\x0a\xad\
\xd9\x7a\x57\x05\x41\xc0\xd5\xcc\xab\xf8\xeb\xd0\x21\x3c\xd0\xb7\
\x2f\x5c\x5c\xec\xfb\x2c\x84\x5a\xad\xe2\xe7\x9b\xc1\x35\x53\x3b\
\xed\x67\x07\x03\x22\x11\x39\x84\xc2\xc2\x42\x1c\x38\x70\x00\xdf\
\x7f\xff\x5f\xfc\xf9\xc7\x1f\xb8\x76\x2d\x0b\x1a\x8d\xfe\xda\x34\
\x51\x14\xed\xae\x87\xa4\x2a\xf4\x94\x97\x97\xe3\xdc\xb9\xf3\xb8\
\x72\x25\x13\xe7\xcf\xa7\xe1\xd1\x11\x8f\xe2\xb1\xc7\x46\x23\x30\
\x30\x48\xff\xe1\xe5\x84\x2a\xca\x2b\x70\xf9\xf2\x65\x94\x14\x17\
\x43\x92\x25\xa8\x05\x75\xf5\x97\x04\x53\xef\x83\xf4\xb4\x74\x6c\
\xff\xe5\x17\xf4\xec\xd5\xcb\xee\x03\x22\x29\xfe\xfa\xc9\x80\x48\
\x44\x64\x8f\xd2\xd3\xd3\xf1\xfd\xb7\xdf\xe3\xc7\x2d\xff\xc3\xa9\
\x93\x27\x51\x56\x5a\x06\xb5\x8b\x4b\xed\x00\x65\xa7\xbd\x00\x55\
\x3d\xea\x1a\x8d\x06\xc9\xc9\x29\xc8\xcc\xcc\xc4\xc9\x93\x27\x31\
\x62\xc4\xa3\xe8\xd3\xa7\x8f\x53\x86\xc4\x94\xe3\x29\x38\x70\xe0\
\x00\x8a\x4b\x4a\xf4\xbd\xae\x66\x0a\xff\xa2\x28\xa0\xa4\xb4\x14\
\xa9\x27\x4f\xeb\x7b\xa1\x89\x18\x10\x89\x88\x6c\x5f\x71\x71\x31\
\xfe\xfe\xeb\x6f\x6c\xdc\xf8\x0d\x7e\xfe\x79\x1b\x0a\x0a\x0a\x20\
\x00\x50\xbb\xda\x67\x4f\xcf\xed\xa6\xea\x14\x04\x01\x6a\xb5\x1a\
\xd9\xd9\x39\x88\xff\x21\x1e\xa7\x4f\x9d\x46\x59\x69\x19\x62\x06\
\xc5\x38\x5d\xcf\xd6\xa9\x53\xa7\x71\xe4\x48\x22\xb4\x3a\x1d\x04\
\x51\x65\xfa\xfe\x9d\xaa\xc0\x29\x08\xd0\xea\x74\x28\x2a\x2e\x46\
\x45\x85\x96\x2f\x38\x72\x2a\x1c\x16\x47\x44\x76\xa9\x20\x3f\x1f\
\xdb\x7e\xfa\x19\x4b\x97\x2c\xc5\xb7\xdf\x7d\x8f\x82\x82\x02\xfd\
\xe9\x64\x3b\x1d\xc4\x21\x54\x06\x92\x9b\xb3\x4a\xed\xf8\xa3\x52\
\xa9\xa0\xd3\x49\x48\x4c\x3c\x86\x37\x5e\x7f\x13\x3f\xfc\xf7\x07\
\xa7\xeb\xdd\x2a\xc8\xcf\x47\x5e\x5e\x1e\x74\x3a\x9d\xf9\x3a\x86\
\x6b\x0c\x6c\x2b\x2e\x2a\xc2\xb1\x63\xc7\xa0\xd5\x32\x24\x12\x03\
\x22\x11\x91\xcd\xca\xc9\xc9\xc1\x57\xff\xfe\x0f\xde\x5e\xb4\x18\
\x07\x0f\xfd\x05\xa1\x32\x38\xd9\x33\x19\xf5\xbf\x86\xae\x6a\xa0\
\xc1\xa5\xcb\x97\xf0\xcf\x19\x2f\x62\xf3\xa6\xcd\x4e\x13\x12\x0b\
\x0b\x8b\x90\x71\x39\xc3\xbc\xf3\xd4\x0a\xd7\x07\x5e\x89\x82\x80\
\xab\x57\xaf\x61\xcb\x8f\x5b\x50\x52\x52\xc2\x17\x1f\x31\x20\x12\
\x11\xd9\xa2\xe2\xe2\x62\xac\xf8\x70\x05\x96\x2c\x5e\x8a\x4b\x97\
\x2e\x41\x75\x87\x91\xc9\xa2\xa3\x8d\x40\xac\xd1\xb3\x55\x35\x39\
\xf4\x0b\x2f\x4c\xc7\xc1\x83\x87\x6e\x9e\xa2\xcb\x01\xa5\x9e\x38\
\x81\xa4\xa4\x24\xcb\x04\xe2\xca\x39\x2f\x4b\x4a\x4a\xb0\x63\xc7\
\x4e\x94\x96\x96\xf2\x05\x48\x0c\x88\x44\x44\xb6\x18\x0e\xdf\x5e\
\xf8\x36\xd6\x7f\xf6\x19\x2a\x74\x5a\x08\x2a\x95\x3e\x2c\x49\xd2\
\x2d\x07\x2a\xd4\x9a\xb3\xd0\x01\x02\x94\x20\x8a\xfa\x75\xaf\x6b\
\xfc\xb7\xa8\x12\xf1\xec\x53\xcf\x22\x31\x31\xd1\xe1\x57\x80\xda\
\xf3\xfb\x5e\xec\xda\xbd\x07\x92\x24\x99\x65\x7a\x1b\x95\x04\x08\
\x35\xe7\xc3\xab\x9a\x07\x57\xd0\x1f\x7f\x44\x0c\x88\x44\x44\x36\
\x24\x3f\xbf\x00\x0b\xe6\x2f\xc4\x57\x5f\x6d\x40\x45\x85\x56\x3f\
\x67\x69\x65\x40\xaa\x9e\x87\xf1\x4e\x13\xa2\xdf\x18\x28\xea\xfa\
\xfb\xaa\x10\x59\x23\x4c\xde\x71\x7e\xd4\xdb\x04\xd4\xdb\xde\x97\
\x02\x72\x8d\xf5\x9d\xab\x1f\x1f\x80\xc2\xe2\x22\x2c\x5e\xb4\x04\
\xa7\x4f\x9d\x76\xe8\x90\x58\x73\xb2\x73\x53\xd6\xb5\x8a\x4e\x04\
\x64\xe1\xfa\x3e\x13\x25\x19\xa2\xac\x9f\x5a\xe7\x78\xf2\x71\x94\
\x97\x97\xf3\xc5\x78\xbb\xd7\x81\x3d\x3f\xf6\x5b\x1e\x47\xce\x39\
\x0f\x22\x03\x22\x11\xd9\xbc\x92\xe2\x62\x6c\xf8\xcf\x06\xfc\xf2\
\xcb\x2f\xd0\x94\x6b\xae\x2f\x7b\x07\x40\x96\xa4\xeb\x6f\xee\x86\
\x4e\x88\x5e\xd7\xdf\x57\x85\xc8\xca\xff\x17\x2a\x83\x67\x55\x20\
\x11\x50\xc7\x69\xeb\x1b\x26\x0a\xaf\x33\x50\x9a\x79\xb2\x76\x41\
\x10\xb0\x67\xcf\x1e\xfc\xfa\xeb\x4e\xe4\xe7\xe5\x3b\xe4\x71\x90\
\x95\x95\x85\xab\x99\x99\x96\xab\xab\x20\x40\x12\xf5\xb7\x92\x92\
\x12\xec\xde\xbd\x1b\xa5\x25\x3c\xcd\x7c\xdb\x2f\x60\xf5\xf9\xb2\
\x64\xab\x8f\xfd\x96\xeb\xb1\x3b\xe7\x3c\x88\x0c\x88\x44\x64\xd3\
\x0a\x0b\x0b\xf1\xdd\xf7\xdf\x63\xc3\x86\x0d\xb8\x92\x99\x79\xf3\
\x69\x45\xc1\xbc\x2b\xb9\xc8\xb2\x5c\x7b\x45\x32\x5c\x5f\x8f\xf9\
\xfa\xca\x27\xb5\x7b\xb1\xea\xea\xe5\xb3\xc4\x72\x8f\x32\x80\xa5\
\x4b\x97\x62\xef\xde\xbd\x0e\x39\x68\x25\x61\xdf\x3e\x1c\x3a\xf4\
\x97\xf9\xef\xe8\x86\x7d\x25\x08\x02\xca\x35\x1a\xfc\xfc\xd3\xcf\
\x28\x2a\x2a\xe2\x8b\xf2\x86\x2f\x4a\xd5\x5f\x98\x2a\x4f\xfb\xdb\
\xed\x6a\x2d\xb2\x0c\x59\xaa\x5c\xea\xb5\xea\xd2\x15\x67\xce\xfb\
\x3c\xcc\x89\xc8\x96\x9d\x3a\x75\x1a\xff\xfd\x3e\x1e\xa7\x4f\x9f\
\xb9\xde\x8b\x57\xd7\xb7\x7c\x33\x05\x30\x49\x92\xa0\xd5\x6a\x51\
\x5e\x5e\x5e\x7d\xd3\x94\x97\xa3\x4c\xa3\x81\xa6\xea\x77\x15\x15\
\xa8\xd0\x6a\xa1\xd3\xdd\x66\xdd\xd6\xfa\x9c\x02\x37\xba\x13\x44\
\x44\x51\x51\x11\x7e\xfa\x69\x1b\xce\x9d\x3d\xe7\x70\x83\x56\x52\
\x8e\x9f\xc0\xf9\x73\xe7\xaa\x8f\x01\xf3\xa5\x9f\x9b\x7b\x25\x25\
\x59\x46\x6e\x5e\x1e\xf2\x0b\xf2\xf9\xa2\xac\xfc\x32\x52\x75\x7d\
\xaf\x5c\x63\xde\x48\x09\x76\xdc\xdf\x56\x73\xbf\xd7\xf8\x59\x00\
\x97\xda\x23\x22\xb2\x29\xe9\xe9\xe9\x88\xdb\x10\x87\xc4\xc4\x44\
\x48\x3a\x1d\x54\x6a\xb5\xfe\xc3\xe7\x86\xde\x1d\xb9\x2a\x08\x99\
\x28\x34\x54\x54\x54\xe8\x7b\x09\x45\x11\xfe\x7e\x7e\x68\xda\xb4\
\x29\x9a\x36\x6b\x8a\xa0\xa0\xa0\xea\xb0\x20\x08\xfa\x0f\x0e\x51\
\xa5\xc2\xd5\xcc\xab\xc8\xcb\xcb\xc5\xc9\x93\x27\x91\x95\x95\x5d\
\xdd\x7b\x27\x8a\xe2\xf5\xe9\x77\x04\x01\x82\x28\x9a\xfd\xfa\x40\
\xb5\x5a\x8d\x5f\xb6\xfd\x82\x9e\x3d\x7b\xa0\x59\xf3\x66\x70\x73\
\x73\x73\x98\x44\x72\xf5\xea\x35\x94\x57\x54\x54\xaf\xd9\x5e\xf5\
\xc5\xc0\x62\x81\x44\x10\x70\xf2\xe4\x69\xb4\x6a\x15\x01\x37\x37\
\x57\xa7\x7d\x5d\x4a\x92\x04\x9d\x4e\x82\x2c\x3b\x76\x0f\x9b\x2c\
\xcb\x28\x2c\x2c\x44\x85\xb6\xc2\xe1\x07\x7f\x31\x20\x12\x91\xdd\
\x28\xd3\x68\xf0\xeb\xaf\xbf\x62\xcf\x9e\xdd\x28\x29\x29\xa9\x5e\
\x4f\x59\xa8\xea\xb1\xa8\x3a\xc5\x5b\x75\xed\xa1\xa1\x9f\xf5\x35\
\x7a\x42\xaa\x3e\x0c\xb4\x5a\x2d\xd4\x6a\x35\xba\x75\xeb\x86\xbb\
\xee\x8a\x80\x97\xb7\x37\x5a\x34\x6f\x8e\xa6\x4d\x9b\x22\x34\x34\
\x14\x0d\x03\x1a\xe2\xc6\xbb\x14\x45\x15\x72\xb2\xb3\x51\x58\x58\
\x88\x33\x67\xce\xe0\x7c\x5a\x3a\x0a\xf2\xf3\x71\x21\x3d\x1d\x49\
\xc9\xc9\xd5\x81\x51\xad\x56\xd7\x1a\x7d\x6c\x2e\xa2\x28\x22\x37\
\x2f\x17\xfb\x12\xf6\xe1\xde\x7b\xbb\xa1\x55\x44\x2b\xfb\x3d\xe5\
\x57\xc3\x85\xf4\x74\x64\x5f\xcb\x82\x5c\xb5\xef\xaa\x7a\xaf\xcc\
\x9f\x12\xaa\x7f\xd4\xe9\x74\xd8\xb3\x7b\x0f\xee\xbb\xaf\x37\xdc\
\xdc\x1a\x3a\xe5\xeb\x52\x96\x65\xf8\xf8\xf8\x20\x22\x22\x02\xcd\
\x9b\x37\x83\xa6\xbc\x1c\x35\xfb\xd8\x64\xc8\x76\xdf\xe3\x26\x54\
\xbe\x4c\x75\x5a\x1d\xbc\xbc\xbd\x10\x12\x12\x62\x96\x11\xf3\x0c\
\x88\x44\x44\x0a\x1c\xfc\xf3\x20\x36\xc5\xff\x88\x4b\x97\xf4\x93\
\x22\x0b\x82\x70\x53\xef\xa1\xac\x30\x1c\xd6\x1c\xd0\x22\x4b\x12\
\x24\x49\x07\x57\x57\x57\xf4\xec\xd9\x13\x41\xc1\x41\x18\x35\x72\
\x24\x3a\x76\xba\x1b\x6e\x6e\x6e\x50\xa9\x54\x70\x51\xab\xa1\x52\
\xab\x6f\xf9\x21\x11\x12\x12\x0c\x49\x92\xd0\xb1\x53\x47\x68\xb5\
\x3a\xe8\x74\x3a\x9c\x3f\x77\x0e\xfb\xf7\x27\xe0\xf0\xe1\x44\x24\
\x27\x27\xe3\xc2\x85\x74\x94\x96\x96\xdd\x71\xde\x46\x53\x85\xc4\
\x5d\x3b\x77\xa1\x4b\xe7\x2e\x08\x6d\x14\x0a\x6f\x6f\x6f\xbb\x3f\
\x1e\x76\xef\xd9\x83\x94\x94\x64\xfd\xb5\x9f\x82\x50\xeb\xb4\xa6\
\x45\x42\x43\xe5\x7d\xfe\xf6\xdb\x4e\x4c\x9b\xfe\x02\x02\x02\x9c\
\x2f\x20\x56\xf5\xaa\x87\x85\x85\xe1\xb1\xb1\xa3\x31\x64\xc8\x10\
\x14\x14\x14\xd6\x88\xe9\xc2\x0d\x3f\xdb\xfd\x33\x86\x5a\xad\x46\
\x68\x68\x28\x03\x22\x11\x91\x2d\xd0\x68\x34\xf8\x7d\xcf\xef\x48\
\x49\x49\x41\x45\x45\x45\xad\xd3\x89\xd5\x81\xc0\xc8\x53\x3e\xb2\
\x2c\x43\x92\x24\xa8\x54\x2a\x04\x05\x05\xa1\x5b\xb7\x6e\x78\xe9\
\xe5\x59\x08\x0a\x0a\x82\x8f\x8f\x8f\x41\xa7\x66\x55\x2a\x95\x3e\
\x48\xd6\x58\x13\x39\x2a\x3a\x0a\x11\xad\x23\x30\x72\x54\x09\x0e\
\x1c\xf8\x03\xdf\x7f\xf7\x1d\x0e\xfe\xf9\x17\xf2\xf2\x72\x6b\xf5\
\x7a\xdd\x6e\xfd\x65\xc5\x6f\xec\x6a\x35\xb2\x73\x72\x70\xf8\xc8\
\x61\x3c\x3a\xe2\x11\x87\x38\x26\xfe\xfc\xf3\x20\x2e\x5e\xba\x7c\
\x3d\x5c\x5b\xaa\x57\xb4\xc6\xfd\xc8\x32\x70\xf9\x72\x06\xb2\xb3\
\xb3\xd1\xaa\x55\x2b\xa7\x7c\x6d\x0a\x82\x80\x80\x80\x86\x88\x88\
\x88\x40\x68\x68\x28\x82\x83\x83\x9d\xe2\x39\x3b\x23\x06\x44\x22\
\xb2\x39\x9b\x37\x6f\xc6\xcf\xdb\xb6\xa1\xb8\xb8\xf8\xfa\x9b\xf3\
\x8d\xd7\x19\x1a\xf3\xa6\x2d\x08\x90\x24\x09\x2e\x2e\x6a\xb4\x6d\
\xdb\x16\x8f\x3f\xf1\x38\x86\x0d\x1b\x86\x90\x90\x60\x93\x7d\x18\
\xa8\x54\x2a\x78\x7b\x7b\xc3\xdb\xdb\x1b\x83\x06\xc5\xa0\x73\x97\
\xce\xd8\xba\x65\x2b\xd6\xac\x5e\x83\xcb\x97\x2f\x5f\x0f\x85\x82\
\x00\xe1\x56\xd7\xd1\x29\xec\x21\xad\x3a\x5d\x7e\xfe\x7c\x1a\x92\
\x93\x53\xd0\xbd\xfb\xbd\xb5\xc2\xab\xbd\x29\x2c\x2c\x44\x7e\xe5\
\xda\xcb\xd6\x5c\x52\xb1\x6a\x9c\x51\x7a\xfa\x05\x44\x47\x47\xc3\
\xdd\xdd\xdd\x29\x03\x62\xd5\x17\x1b\x00\x4e\xd9\xb3\xe6\x2c\xb8\
\x67\x89\xc8\xe6\x9c\x38\x9e\x8a\x8b\xe9\x17\x21\x49\xd2\xf5\xc0\
\x56\x35\x21\xb6\x29\x3e\xe4\x2a\x3f\xd8\xee\xbf\xbf\x0f\x16\x2e\
\x5c\x80\x31\x63\x46\x23\x34\x34\xc4\x6c\x3d\x05\x6e\x6e\x6e\x08\
\x6b\xd2\x04\xe3\xc6\x3f\x87\xd9\x73\x5e\x46\x48\x70\x48\xf5\x75\
\x5a\xf2\xed\x06\x59\x18\xd1\x4b\xaa\x52\xa9\x70\x32\xf5\x24\x76\
\xef\xda\x8d\xc2\xc2\x42\xbb\x3e\x1e\x8e\x25\x26\xe2\x4a\xe6\x95\
\xdb\x8f\x02\xb7\xc0\x34\x42\x55\x0e\xfd\x79\x08\x39\x39\xb9\x4e\
\xf9\xda\xac\x9a\xc2\x49\x76\xce\xa9\x01\x19\x10\x89\x88\xac\xe5\
\xe0\x9f\x07\x71\xf4\xe8\x11\x68\x34\x65\x66\xbb\x8a\x49\x96\x65\
\x0c\xe8\xdf\x1f\x33\x67\xbd\x88\x6e\xf7\x76\x83\x8f\x8f\x8f\x45\
\x9e\x9b\x8b\x8b\x0b\x46\x8e\x1a\x89\x57\x5f\x7f\x15\xa1\xa1\xc1\
\x77\x5e\x27\xda\x88\x40\xac\x52\xa9\x50\x50\x50\x80\x13\x27\x4e\
\xa0\xac\xb4\xcc\x6e\x8f\x07\x9d\x4e\x87\x7d\xfb\x12\x70\xfe\x7c\
\xba\x7e\x90\xcf\xad\x6a\x56\x6b\x5a\x92\x9b\x4f\x0b\x8a\xa2\x08\
\x5f\x5f\x1f\x78\x79\x7a\x1a\x35\x22\x55\x10\x04\xfc\xb4\xf5\x27\
\x64\x5e\xb9\xe2\xc4\xaf\x52\x01\xc4\x80\x48\x44\x64\x51\xff\xdb\
\xf2\x3f\x1c\x39\x92\xa8\x9f\x63\xad\xe6\x87\xbc\x09\x7a\x88\xaa\
\x82\xc1\x7d\xf7\xdd\x87\x29\x2f\x4c\x46\x97\x2e\x9d\x2d\x7e\xca\
\x52\xa5\x52\x61\xe4\xa8\x11\x78\x79\xf6\xcb\xf0\xf2\xf6\xae\x7b\
\xee\xc4\xba\x96\xff\x53\xf0\xdc\xb5\x5a\x2d\x72\x72\x72\x71\x2d\
\x2b\xcb\x6e\x8f\x07\x8d\x46\x83\xe3\xc7\x8f\xa3\xb0\xb0\xf0\xf6\
\xa7\x33\x6b\x1c\x1f\x72\x8d\x7d\xad\x2f\x9f\x04\x37\x37\x37\x0c\
\x1a\x34\x18\x5d\xee\xe9\x02\xad\x56\x6b\x54\x40\xcc\xbc\x76\x15\
\xd9\xd9\x39\x4e\x39\xf5\x09\x31\x20\x12\x11\x59\x5c\x71\x71\x31\
\xce\x9d\x3f\x8f\xa2\xc2\xc2\x5a\x6b\xed\x0a\xfa\x4f\x66\xa3\x07\
\x26\x08\x82\x00\x0f\x37\x77\x8c\x79\x6c\x0c\xee\xed\x7e\xaf\xd5\
\xae\x9f\x52\xa9\x54\x88\x19\x14\x83\x67\x9e\x79\x1a\x01\x01\x01\
\x37\x07\x96\x1b\x27\x02\x37\xe2\xb9\xe7\xe4\x64\x23\x25\x25\x05\
\x25\xc5\x25\x76\x79\x4c\xe4\xe5\xe5\x23\x2f\x3f\xbf\x7e\xa1\xae\
\x8e\x1a\xc9\xb2\x0c\x95\x4a\x85\xc8\xc8\xb6\x78\xe4\x91\x87\x10\
\x11\x11\xa1\xff\x53\x28\x1f\x7c\xa0\xd5\x6a\x91\x71\x25\x03\xa5\
\xa5\x5c\x76\x8f\x18\x10\x89\x88\xcc\x6e\xfb\x2f\xdb\x71\xfe\x7c\
\xda\xf5\xf9\x02\x95\xce\x75\x57\xa3\x37\xa9\x7a\xdd\x66\x59\x86\
\x8b\x8b\x0b\xc6\x3d\xff\x1c\xfa\xf5\xeb\x0b\xb5\xda\xba\x63\xf4\
\x02\x02\x02\x30\x74\xe8\x10\x34\x6b\xda\x14\xaa\xba\x82\x6a\xcd\
\x1e\x53\x25\xf3\x3c\x0a\x02\x5c\xd4\x6a\x64\x5e\xc9\xc4\xaf\xbf\
\xee\x40\x56\x76\xb6\xdd\x1d\x0f\x5a\xad\x16\xc7\x12\x13\x91\x75\
\x35\xab\xf6\xe4\xe8\xa8\xe3\x24\xe7\x2d\x56\xd6\x91\x65\x19\x1e\
\x1e\x1e\xe8\xd9\xa3\x07\x3a\x44\x75\x40\x60\x50\x20\xbc\xbc\xbc\
\xae\xaf\xe1\xad\xf0\x8b\xc6\xfe\x84\xfd\xb8\x7c\xe9\x12\x7b\x11\
\x89\x01\x91\x88\xc8\xdc\xf6\xfe\xbe\x17\xe9\xe9\x69\xd7\x83\x9d\
\x09\x7a\x0d\x6b\x06\x45\x3f\xbf\x06\x78\xe4\xd1\x47\xaa\x27\xbc\
\xb6\xb6\x16\x2d\x5b\x60\xc8\xd0\xc1\x08\x09\x0d\xbd\xa9\x87\xcc\
\xd8\xd8\x51\x35\x67\x5d\x59\x59\x19\xce\x9e\x39\x8b\x32\x3b\xec\
\xed\x2a\x28\x28\xc4\x4f\x3f\xff\x8c\x0b\xe9\xe9\xb5\x7a\x7b\x6f\
\xac\x4d\x5d\x47\x48\xcd\xb5\xb2\x3d\x3c\x3c\x70\x77\xc7\x8e\x08\
\x08\x08\x40\xcb\x96\x2d\xd1\x24\xac\x09\xb4\x3a\x9d\xe2\x1a\x8b\
\x2a\x15\x7e\xdb\xf1\x1b\xce\x9d\x3b\xef\x70\xcb\x19\x12\x31\x20\
\x12\x91\xcd\xb9\x70\xe1\x22\x4a\x4d\x31\xa0\xa2\x46\xb0\xac\xba\
\x1e\xcd\xdd\xdd\x1d\x8f\x8e\x78\x04\xcd\x9b\x37\xb7\x99\xe7\xeb\
\xef\xef\x8f\x7e\xfd\xfb\xa1\x55\x44\xcb\xba\x83\x86\x91\xe1\x58\
\xaa\x9c\xeb\x51\x92\x74\x76\x39\xae\xa0\xa4\xa4\x04\x67\x4e\x9d\
\x41\x69\x99\xe6\xa6\x55\x68\x6a\xcd\x25\x59\xd7\xda\xdc\x95\xf5\
\x13\x04\x01\x1e\xee\xee\x68\xdc\xb8\x11\x54\x2a\x15\xda\xb6\x6d\
\x83\x0e\xed\xdb\x57\x2e\x97\xa8\xac\x28\xa2\x20\x20\x27\x2f\x17\
\x59\xd9\xd9\x0c\x88\xc4\x80\x48\x44\x74\x5b\x46\x76\x79\xa5\xa7\
\xa5\xa3\xa0\xa8\xd0\xe4\xa7\xec\xaa\x56\xc0\xf0\xf4\xf4\xc4\xd8\
\xb1\x63\x2d\x36\x62\xb9\xbe\x82\x83\x83\x11\x1e\x16\x0e\x77\x77\
\xf7\xba\x9f\xbb\xb1\x03\x73\x00\x54\x54\x68\x2b\x57\xbc\xb0\x2f\
\xd7\xae\x5e\x45\x49\x59\x29\xa4\x3b\xac\xf9\x5b\x57\x85\xa4\xca\
\x80\xec\xe2\xe2\x82\xe6\xcd\x9b\xa3\x61\x43\x7d\xaf\x71\x68\x68\
\x28\xc2\xc2\xc3\x6e\x0a\xe0\x86\x23\x22\x6d\x00\x00\x20\x00\x49\
\x44\x41\x54\x86\x86\xc5\xaa\x01\x40\x1a\x8d\x86\xaf\x7d\x62\x40\
\x74\xae\x0f\x3b\xd9\x64\x6f\xd0\x64\x1b\x04\x08\x90\x6f\x5a\xc3\
\x82\x4c\x58\x60\xa3\xfc\xfd\xd7\xdf\xc8\xcf\xcb\x33\xcb\x5c\x84\
\x2a\x95\x0a\x81\x41\x81\x68\xda\xb4\xa9\xcd\x95\xcd\xc3\xc3\x03\
\x51\x51\x51\x08\x0e\x0a\xaa\x7b\x44\xb3\x31\xef\x5d\xd0\xf7\x9e\
\xea\x74\x5a\x14\x16\x16\x98\x66\xfb\x16\x52\x54\x54\x84\xa3\x47\
\x8f\x22\x27\x3b\xe7\xfa\xf3\xba\xc5\x7b\xb1\x5c\xf9\x6f\x42\x1d\
\xbf\xf7\xf6\xf6\xc2\xfd\x7d\xee\x47\x40\x40\x00\x00\xfd\x9c\x94\
\xc1\x41\xc1\xb7\x0e\xe4\x06\x7c\xf1\x38\x71\xfc\x04\x2e\x5d\xba\
\xcc\x5e\x44\x62\x40\x74\x8a\x0f\x38\xe1\x86\x37\x58\xbe\xf0\x1d\
\x2c\xbd\xc8\x8c\x87\x36\xea\xcf\x83\x07\x91\x95\x65\xfa\x81\x14\
\xfa\xde\x43\x0f\xf4\xed\xdb\x07\xae\xae\xae\x36\xf7\xbc\xbd\xbd\
\xbd\xd1\xb5\xeb\x3d\x68\xdf\xa1\x7d\xed\xa0\x61\xc2\xb5\x86\xb5\
\x5a\x1d\x0a\xf3\x0b\xa1\xd5\xda\x4f\x40\xcc\xc9\xc9\x41\x42\xc2\
\x7e\xe4\xe4\xe4\xd4\xeb\x7a\x54\x19\x37\xaf\x02\x2c\xcb\x32\xbc\
\x7d\x7c\xd0\xbd\xfb\xbd\xf0\xf1\xd5\xf7\x1c\x8b\xa2\x88\x16\x2d\
\x9a\x23\x3c\x2c\xac\x56\x60\x36\x28\x2c\x56\x5e\xdf\xf9\xfb\xef\
\xbf\xe3\x78\xe5\x72\x90\x44\x8e\x86\x4b\xed\xd5\xf5\x16\x73\xe3\
\xf4\x12\x64\xc7\xbb\x54\x86\x2c\x49\x90\x65\xa9\xfa\x03\xe0\x7a\
\x2f\xa2\x0c\xf6\x0d\x1b\x5f\x5f\x41\x96\x00\x9d\x04\x48\xc6\x55\
\x33\x25\x25\x05\x45\x45\x45\x26\xef\x41\x94\x65\x19\x3e\x3e\x3e\
\x88\x89\x89\xb1\xfa\xc8\xe5\x3a\xbf\xa5\x8b\x22\x1a\x37\x69\x8c\
\x26\x4d\x9a\xd4\x7e\xee\x0a\x97\xd9\xbb\xb1\x8d\x20\x08\x28\x29\
\x29\xc1\xe9\xd3\xa7\x71\x5f\x71\x31\xdc\xdc\x5c\xed\xe2\xd0\xca\
\xc9\xc9\xc1\x99\x33\x67\x50\x5e\x5e\x6e\xf0\x74\x44\x72\x8d\xda\
\xba\xbb\xbb\xa3\x71\x93\xc6\xd7\x3f\xf4\xd4\x6a\xb4\x8a\x88\x40\
\xf7\x7b\xef\xc5\xe9\x33\x67\x94\xcd\x83\x29\x08\x10\x45\x11\x57\
\xaf\x66\xe2\xe2\xa5\x4b\xd0\x6a\xb5\x06\xad\xdd\x4d\xc4\x80\x68\
\x67\x24\x49\x86\x2c\xc1\x2c\xd7\x01\xdd\xfe\xbd\x46\xd0\xf7\x54\
\xda\xe8\x9a\x96\x96\x9a\xc6\xa1\x7a\x09\x27\x53\xc5\x36\xb9\x2a\
\x02\x56\xf5\x3e\x00\xc2\x0d\x9d\xe6\x8c\xff\xa6\xd9\x6f\x82\x20\
\x00\xa2\xa0\xb8\x9e\x3a\x9d\x0e\x05\x05\x05\x90\x74\x12\x04\xd1\
\xf4\x7b\xc5\xdd\xdd\x03\x91\x91\x6d\xcd\xb6\x94\x9e\xb1\x54\x2a\
\x15\xdc\x3d\xdc\x6b\x87\x95\x9a\x6b\x50\x1b\xf9\xde\x50\x5e\x5e\
\x8e\xac\xec\x6c\x68\xca\xed\xe7\x7a\xb9\xcb\x97\x2e\x57\x9f\x16\
\x57\x12\xe2\x64\x59\x86\x9b\xab\x2b\xda\xde\x75\x17\xbc\xbd\xbd\
\x6b\x05\xf2\x90\x90\x10\xb4\x6e\xd3\xe6\xe6\xb7\x75\x03\x6a\x2d\
\x08\x02\xca\xca\xca\x91\x9b\xab\xbf\x0e\xd1\xcb\xcb\x8b\x6f\x06\
\xc4\x80\xe8\xa8\x74\x3a\xc9\xf2\xd7\xe8\x54\xae\xfe\x6e\xab\x1f\
\x5c\x55\xd7\xf6\xc8\x16\xba\x2f\x59\x96\x21\xe9\xb4\x26\x09\xa5\
\x82\x5a\x84\x47\x48\x30\x82\x3a\x75\x02\x04\x40\xed\xe9\x09\x59\
\x92\x2a\x27\x5d\xae\xd1\xd3\xc0\x6e\x44\x85\x87\xae\x08\x59\x96\
\x20\xc8\x32\x1a\x46\x45\xc1\x2d\xd0\x5f\x71\xe2\xce\xca\xca\x82\
\x24\xc9\xb7\x6d\x2f\x28\xdc\x55\x82\x20\x40\xed\xa2\x86\xbf\x7f\
\x43\xdb\xae\x27\x2a\x47\xe2\x56\xf5\x1c\x56\xbd\x27\x98\xe0\xbd\
\x41\xa5\x12\xe1\xea\xea\x62\xb3\xef\x33\x37\xba\x92\x91\x81\x43\
\x07\x0f\x21\x3f\xbf\x40\x3f\x42\x59\xc1\xbe\x97\x65\x19\xfe\x0d\
\x1b\xa2\x6f\xbf\xbe\xf0\xf0\xf0\xb8\xe1\x0b\x83\x1b\x82\x82\x02\
\xa0\x52\x89\x37\xbf\x1f\x1b\xf8\xf6\x7d\xfe\xec\x79\x5c\xba\x78\
\x09\x7e\x7e\x7e\x56\x9b\x78\x9d\x88\x01\xd1\xcc\xee\xbb\xaf\x37\
\x7c\x7d\x7c\xf4\xdf\x56\xab\xde\xa8\xcd\x44\x14\x45\xc8\x32\x90\
\x95\x9d\x85\xa3\x47\x8e\xa2\xb0\xa8\xc8\x7a\xbd\x59\x75\x5c\xeb\
\x54\x35\x2d\x48\x44\xab\x56\x68\xd6\xac\x19\xdc\x3c\xdc\xa1\xd5\
\x56\x40\x30\xd7\xa3\x14\x04\x7d\x78\x13\x45\xdc\x7d\x77\x14\x7c\
\x6a\x7c\xe3\x57\xfc\xa1\xe8\xea\x0a\xbf\xc8\xd6\x50\x7b\x8c\x41\
\x58\xff\x01\x10\x55\xaa\xca\xa9\x2d\x6a\x3c\x75\x1e\xf6\xca\x8f\
\x61\xe8\x47\x07\x43\x10\xe0\x1e\xd4\x10\x5e\xcd\xc2\x14\xf7\x74\
\x65\x67\xe7\x42\xab\xd5\x5e\xef\x8d\x34\x26\x24\xd6\x75\x6a\xd6\
\xc6\x07\x9a\xb9\xba\xba\xa2\x71\x93\xc6\xf0\xf5\xf5\x45\x7e\x5e\
\x1e\xc4\xba\x7a\x12\x15\xbf\xb4\x04\x54\x54\x68\x91\x93\x93\x67\
\x37\xd7\xca\x9d\x4f\x4b\xc3\xfe\x03\x07\x50\x5c\x5c\x52\xef\xd0\
\x55\xf3\x2a\xe3\xaa\xa0\xdd\xc0\xd7\x17\x5d\xbb\x75\xbd\xe9\xda\
\x53\x51\x14\x11\x12\x1a\x8a\x46\x8d\x42\x91\x99\x79\xf5\xfa\x31\
\x67\x60\xad\x45\x51\xc4\x5f\x7f\xff\x8d\x23\x87\x8f\xa0\x45\xcb\
\x16\xb5\x7a\x2a\x89\x18\x10\x1d\xc8\xd3\x4f\x3f\x85\xd1\xa3\x47\
\x19\xd9\x5f\x51\xdf\x37\x16\x15\x04\x41\xc0\xd1\xa3\x47\xb1\x6c\
\xe9\x32\x24\x26\x1e\xbb\x69\x9e\x2f\xcb\xf5\x5c\xdc\x1c\x96\x24\
\x49\x82\x9f\x9f\x1f\x46\x8e\x1e\x89\x21\x43\x87\xc0\xdb\xcb\x1b\
\x5a\xad\xf9\x3e\x5c\xf4\x9f\xe9\xfa\x9a\xbb\xbb\xb9\xc3\xdb\xc7\
\xf8\x37\x5a\x41\xad\x82\x7b\x60\x00\xdc\xfc\xfd\xf4\xc1\x03\xbc\
\xea\xd0\xb4\xc7\x8d\x50\xe3\x5a\x2f\x01\x10\x45\xc5\x3d\x54\xe5\
\xe5\x65\x77\x1c\x09\x2a\x1b\x7e\x40\x55\x07\x24\x77\x1b\xbf\x3e\
\xcc\xc5\xc5\x05\x2d\x9a\x37\x47\x8b\x16\xcd\xf0\xd7\x5f\x39\xb5\
\x03\xa2\xd1\xdf\xbd\x04\x54\x54\x54\x54\xaf\x67\x6c\x0f\xae\x5d\
\xcd\xc2\x95\x2b\x99\xa8\xa8\xa8\xd0\x7f\x99\x56\xf0\x86\x22\x8a\
\x22\x7c\x7d\x7c\x11\x1e\x1e\x5e\x67\xb0\x6b\xde\xbc\x39\x06\x0e\
\x1c\x88\x2f\xbe\xf8\x52\xd9\xb5\xa9\x95\x4b\xf8\x5d\xbb\x76\x0d\
\x67\xce\x9e\x85\x46\xa3\x61\x40\x24\x06\x44\x47\xe5\xe7\xe7\x67\
\xf1\xfb\x0c\x0f\x0b\x43\x50\x50\x90\x75\x97\x6b\xba\x61\x59\x33\
\xfd\x8f\xfa\xe5\xa9\x5a\xb6\x6c\x89\xe6\xcd\x9a\xd9\x6f\x88\x11\
\x05\x08\x22\x0f\x73\x5b\x26\x49\x12\x2e\x5d\xbe\x0c\x8d\x46\x53\
\x77\xc0\x34\x74\xb0\xc6\x0d\x7f\xeb\xee\xee\x8e\x36\x6d\xda\xd8\
\x7c\x1d\xb4\x5a\xad\x59\x46\x19\x0b\x82\x00\x9d\x4e\x87\x8c\x2b\
\x19\x28\x29\xb1\x8f\xd5\x54\x72\x72\x73\x50\x51\xd9\xa3\x5c\xdf\
\xfd\x5f\xeb\x0b\xae\x2c\xc3\xc3\xcd\x0d\x6d\x22\xdb\xc0\xdd\xdd\
\xbd\xce\x9a\x04\x06\x06\xa2\x53\xe7\x4e\xf8\xe2\x8b\x2f\x8d\xaa\
\xad\x46\xa3\x41\x41\x61\x21\xb4\x15\x5a\xbe\x98\xc9\xa1\xf0\x82\
\x09\x1b\xf8\x70\xb4\x76\xaf\x56\xd5\xb5\x7f\x37\xbc\xf5\x55\x3f\
\x3e\xce\xf1\x45\xe6\x7e\x0d\x9c\x39\x7d\xe6\xd6\x4b\xc1\x29\x3d\
\xc5\x5a\x99\x2d\x7c\x7d\x7d\x11\x15\x1d\x6d\x1f\xc5\x90\xe5\xda\
\x49\x47\xe1\x17\x47\x41\xb8\xf9\x62\x10\x95\xa8\x82\x68\x07\xd7\
\x20\x9e\x39\x73\x06\x47\x0e\x1f\x45\x49\x71\xf1\xf5\xe7\x60\x60\
\x1d\x64\x59\x46\x58\x78\x38\x06\x0d\x1a\x78\xcb\xbf\xf1\xf0\x70\
\x47\xe3\xc6\x8d\x95\x7f\x39\xaf\xb1\xc6\x77\x66\x66\x26\xae\x5e\
\xbd\xca\x39\x73\x89\x01\x91\x4c\x18\xcc\x20\xdb\xd6\x9b\x4a\xf5\
\x37\xf6\xeb\x8f\x91\xc8\xec\x87\xdd\x0d\x53\xe4\xd4\x15\x70\x0c\
\x3e\x8e\x21\x57\x0f\x60\x57\xbb\xd8\x49\x2f\x72\xe5\x68\x7b\x63\
\x03\x62\xd5\xb6\xec\x71\x94\x7e\x72\x52\x32\xfe\x38\x70\x00\x65\
\x65\x65\xfa\xcb\x6e\x94\xac\xc7\x2d\x03\x7e\xfe\x7e\xe8\xda\xad\
\xdb\x6d\x43\xb4\x9f\x9f\x9f\xb2\xd1\xc7\x35\xf6\x8b\x28\x8a\x38\
\x7e\xfc\x04\x0e\x1c\x38\x80\xfc\x82\x02\xbe\x98\x89\x01\x91\x1c\
\x54\xe5\x9b\x31\xa7\x7f\x21\x8b\xbe\x11\x89\x37\x84\x00\x63\x47\
\xce\x0b\xd5\xdf\x70\x20\xe9\x24\x94\x97\x97\xdb\x7c\x0d\x24\x49\
\x42\x45\x45\x05\x24\x9d\x04\x49\xa7\xd3\xf7\xde\x57\xaf\xa5\x5c\
\xcf\x5b\x65\x3b\xad\x4e\x77\x7d\x1b\x95\x6b\x31\x6b\xcb\xcb\xef\
\xb8\x64\x9d\x2d\xb8\x76\x2d\x0b\x79\xf9\xf9\x90\x24\x49\xd9\x35\
\xad\xb2\x0c\x95\x28\xc0\xd7\xd7\xf7\x8e\x97\x0d\x85\x84\x04\xe3\
\xa1\x07\x1f\x34\xfc\x2c\x49\x8d\x80\xa8\x52\xa9\x90\x79\xe5\x0a\
\xfe\xfe\xfb\x30\x0a\x18\x10\xc9\x81\xf0\xe2\x2c\xba\xc5\xfb\x9f\
\xfe\x0d\x90\x51\x91\x2c\x7d\xcc\x01\x26\x1a\x1e\x26\x08\x10\x64\
\x19\x25\x25\x25\x48\x3b\x9f\x66\xe3\xdf\xcb\xf4\x53\xf1\x78\x7a\
\x7a\xc0\xc7\xd7\x07\xae\xae\x2e\x4a\x8b\x58\x67\x6f\x9b\x56\xa7\
\x83\xa7\x8f\xa7\xcd\x4f\xc3\xa2\xd5\x6a\x71\x2d\x2b\x0b\xe5\xe5\
\xe5\x77\x1c\xd1\x7e\x3b\xfe\x0d\xfd\xd1\xa9\x53\xa7\x3b\xd6\xbc\
\xa1\x7f\x43\x0c\x88\x19\x80\x8d\xdf\x7e\x5b\xfd\xbb\x7a\x9d\x35\
\xb9\x61\x0d\x67\x8d\x46\x83\xdc\xbc\x5c\x94\x96\x96\xf2\x85\x4c\
\x0c\x88\x44\x44\xb6\xae\x6a\x15\x91\x63\x49\x49\x36\xfd\x38\x55\
\x2a\x15\x5a\xb6\x6c\x89\xd1\x63\xc6\xe0\xf2\xe5\x0c\xb8\xba\xba\
\x42\x56\x74\xed\x6f\xe5\xc4\xf0\x35\x6b\x20\x0a\x28\x2f\xaf\x80\
\x9f\x5f\x03\x84\x86\x86\xda\x74\x1d\x8e\x1c\x39\x82\xa4\x63\x89\
\xb7\x1e\xb0\x54\x8f\x2f\x19\x32\x80\x16\x2d\x5b\x61\xc0\x80\xfe\
\x77\xfc\x7b\x37\x77\x37\xb4\x68\xd1\x42\xd1\x97\x8f\x1b\x15\x16\
\x14\xe2\xda\xd5\x2c\xb4\x6e\xdd\xda\x6e\xe6\x9b\x24\x62\x40\x24\
\x22\x67\x4d\x88\xd0\x49\x12\x72\x73\x72\xed\x22\x20\x36\x09\x0b\
\xd3\xcf\x07\x5a\xdf\x9e\xac\x9b\x9f\x30\x6e\xec\x7f\xd5\x6f\xab\
\x72\xba\x1f\x77\xdb\x9e\xee\xe7\xef\xbf\x0f\xe3\x58\x52\x12\x74\
\x3a\x9d\xa2\x90\x55\x35\xff\x61\x68\x68\x08\x3a\x76\xea\x58\xaf\
\x36\x7e\xfe\xfe\xf0\xf4\xf0\x84\xa6\x5c\xa3\xa8\xe6\x42\xe5\xfd\
\x66\x64\x5c\xc1\xb1\x63\xc7\xd0\xae\x7d\x24\xfc\xfd\xfd\xf9\xda\
\x23\x06\x44\x22\x22\x63\x99\x6b\x28\x54\xd5\x69\x4a\x95\x5a\x65\
\xd4\x29\x4b\x4b\x85\x44\xcf\x1b\x56\xfc\x70\x36\x17\x2f\x5c\x44\
\x41\x7e\xa1\xf2\xeb\x0f\x2b\xeb\x18\xd0\xb0\x7e\xab\xe6\x08\x82\
\x00\x4f\x4f\x0f\x74\xeb\xda\x15\xfb\xf6\x27\x28\x9b\xb1\x41\x10\
\xa0\x52\xa9\x90\x93\x9d\x8d\xbf\x0e\x1e\xc2\xc0\x81\x03\x18\x10\
\xc9\x21\x70\x90\x0a\x11\x59\x9d\x60\xc6\xc1\xf2\xb2\x2c\x43\x5b\
\xa1\x45\x56\x56\x16\x0b\x6d\xc3\xf2\xf2\xf2\x90\x9b\x97\xab\x78\
\xb9\xd3\xaa\xde\xbf\xd0\xd0\x60\xb4\x69\x7b\x57\xbd\xdb\x79\x79\
\x79\x61\xe4\xa8\x11\x46\x7f\x09\x29\x29\x2d\xc5\xb9\xf4\x34\x8e\
\x64\x26\x06\x44\x22\x22\x53\x51\xab\xd4\xe6\x1b\x10\x25\x49\x28\
\x2d\x2b\xc1\xe1\xc3\x47\x38\xa7\xa7\x0d\xdb\x9f\xb0\x1f\xa7\x4f\
\x9e\x86\xd6\xc8\xe5\x00\x3b\x75\xee\x84\x98\x41\x31\xf5\xfe\x7b\
\x77\x77\x77\x74\xeb\xde\xcd\xe8\xde\x65\x59\x96\x51\x5e\xae\x41\
\x5e\x5e\x2e\x77\x26\x31\x20\x12\x11\x19\xfd\x26\x24\x88\x08\x0c\
\x0e\x84\x8b\xd2\x91\xbb\xb7\x20\x54\xbd\xc1\x09\x02\x72\x73\xf3\
\x10\x1f\x1f\x0f\x8d\x46\xc3\x82\xdb\xa8\x84\x7d\x09\x38\x73\xe6\
\xcc\xf5\xb5\x94\xf5\xa9\x0b\x90\xa4\x7a\xcf\x07\x29\x8a\x22\x02\
\x1a\x06\x22\x2c\x2c\xbc\xfe\xc7\x49\xe5\xaa\x2a\x2e\x2e\x2e\x0a\
\x8e\xdd\xda\x5f\x6b\x72\x72\xf2\x90\x94\x94\x82\x9c\x9c\x1c\xee\
\x50\x62\x40\x24\x22\x32\xea\x4d\x48\x25\xa2\x6d\xdb\xb6\xf0\xf0\
\xf0\x34\xe9\xb5\x88\x32\x00\x09\x80\x20\x8a\xd0\x68\x34\xd8\xbf\
\x5f\x3f\xf9\x32\xd9\xa6\xac\xec\x6c\x94\x94\x96\xd6\x0e\x83\x82\
\x7e\x8d\xef\xfa\x4c\x94\x2d\x54\x5e\x0b\xe8\xe3\xe3\x63\xf0\x7d\
\xbb\xb8\xb8\xa0\x5b\xb7\xae\x06\x87\x44\xa9\xc6\x7c\x9d\xa2\x28\
\xa2\x30\x3f\x1f\xfb\x13\xf6\xe3\xca\x95\x2b\xdc\xa1\xc4\x80\x48\
\x44\x64\x34\x41\xd0\x67\x00\x73\xad\xdc\x23\x03\x15\xe5\x15\x38\
\x76\x2c\x89\xab\x03\xd9\xa0\x73\x67\xcf\x23\x2b\x2b\x1b\xd0\x49\
\xfa\x51\xc1\x40\xdd\xbd\x87\x72\xdd\x2b\x4f\xc9\x92\x04\x11\x40\
\x44\xcb\x96\x88\x56\xb0\xac\xa2\x4a\xa5\xc2\xf0\xe1\x0f\xc2\xdd\
\xdd\x1d\xb2\x4e\x77\xfb\xe3\xf0\x16\x97\x29\x88\xa2\x08\x4d\x59\
\x19\xce\x9d\x3d\x8b\xdc\xdc\x3c\xee\x54\x62\x40\x24\x22\x32\x56\
\xf3\x66\xcd\xe0\xe1\xe6\x66\xbe\x69\xd9\x05\x01\xb9\xb9\xb9\xf8\
\x70\xf9\x87\xfa\x35\x73\xc9\xa6\x24\x24\xec\xc3\xa5\x4b\x17\x21\
\xe9\xe7\x8c\xd1\xf7\xca\xd5\xd5\x7b\x78\x8b\x65\xf7\x64\x59\x86\
\xda\xc5\x05\x9d\xef\xe9\x82\xee\xdd\xbb\x19\x7c\xff\x6a\xb5\x1a\
\xf7\xf7\xb9\x1f\x6a\xb5\xfa\xce\x3d\x96\xb7\x99\x6c\x5c\x07\xa0\
\xa4\xac\x14\xf9\x79\x0c\x88\xc4\x80\x48\x44\x64\x34\x2f\x6f\x2f\
\x88\x2a\xd5\x4d\xcb\xed\xc1\x88\x79\xe9\x6e\xfc\x9d\x4e\xa7\x43\
\xca\xf1\xe3\x38\xfc\x37\x07\xab\xd8\x9a\xdd\xbb\xf7\xe0\xe2\xc5\
\x4b\xd5\x13\x5d\xd7\x91\x00\x6f\xdd\x93\x28\xcb\x10\x20\x40\xed\
\xe2\x82\xa6\x4d\x9b\x22\x38\x24\x44\xc1\xf7\x07\x01\x8d\x1b\x37\
\xbe\xe3\xdf\x54\xbb\xc5\xf1\x23\x00\x28\xd7\x94\x23\x35\xf5\x24\
\x72\xb2\x79\x1d\x22\x31\x20\x12\x11\x19\xf7\x46\x24\x8a\xb5\x17\
\x00\xa9\xfa\xf0\x57\xb2\x9a\x46\xcd\xf6\x37\x7c\x78\x17\x14\x14\
\x20\x36\x76\x25\x4e\x9d\x3c\xc5\xa2\xdb\x90\xcc\x2b\x57\xa0\xd1\
\x68\x6e\x7f\x0d\x6a\xe5\xb1\x20\x08\xc2\x4d\x5f\x00\x44\x95\x08\
\x2f\x4f\x4f\x78\x79\x7a\x2a\x7e\x0c\x82\x20\x20\x3a\x3a\x0a\xae\
\x37\x5e\x87\x58\xd7\x17\x95\x5b\x1c\x97\xa2\x28\xa2\xa4\xa4\x04\
\x7b\x7f\xdf\x8b\xb4\xb4\x34\xee\x58\x62\x40\x24\x22\x32\x56\x87\
\x0e\xed\xe1\xee\xee\x7e\xc7\x0f\xe1\x7a\x87\xc4\x3a\xc2\xa6\x0c\
\x19\x47\x0e\x1f\xc6\xff\xb7\x77\xe7\xd1\x71\x5c\xf7\x9d\xe8\xbf\
\xb7\xaa\x17\x00\x8d\x7d\x25\x56\x92\x20\x01\x90\x20\x01\x82\x1b\
\x28\x92\x92\x2c\x89\xa2\x64\x51\xb2\x24\x4a\x96\x6d\x59\x72\x12\
\xdb\x93\x49\xc6\xf1\x92\xe5\xe5\x8f\xbc\x97\x99\x33\x93\xd8\x39\
\xe3\x97\x97\xc9\x24\xce\x9c\x58\xf2\x9a\xd8\x92\xb5\x46\x8b\x45\
\xc9\x92\x65\x89\x22\x29\x51\x04\x77\x12\x5c\xc0\x05\x0b\xb1\x11\
\x7b\x37\x80\x6e\xf4\x52\x55\xf7\xfd\xd1\xdd\x40\x03\x04\xc8\x5e\
\xb1\x7e\x3f\xc7\x94\x75\x44\xa0\xba\xba\xd6\x6f\xdd\xba\xf7\x77\
\xff\xf5\x99\x1f\xa2\xab\xab\x8b\x1b\x7d\x1e\xb8\x78\xe1\x22\x9c\
\x2e\x97\x7f\x44\xf0\x74\x2d\xc6\xa1\xf3\x4b\x07\xfb\x25\x86\x1c\
\x1f\x86\x94\x50\x4d\x26\x54\x55\x55\x61\x6d\xf5\xda\x98\x02\xe2\
\x83\x7b\x1e\x44\x56\x56\xd6\xb4\xfd\x54\xe5\xd4\xc1\x33\x53\x1e\
\x3e\x82\x2d\xd7\x3e\x9f\x0f\x97\x2e\x5d\x62\x57\x06\x62\x40\x24\
\x22\x8a\x87\xdd\xbb\x77\xa3\xb8\xb8\xd8\x7f\x23\x4e\xe0\x8c\x27\
\xba\x21\xf1\xeb\x37\x7e\x8d\x5f\xfc\xfb\x2f\xe0\x72\xba\xb8\xe1\
\xe7\xd8\xdb\xfb\xde\x46\x4f\x4f\xef\x44\xbf\xc3\x5b\x85\xff\x60\
\x1f\xc5\x40\x60\x93\x52\xc2\x66\xb3\x61\xdb\xf6\x7a\xd4\x6e\xa8\
\x8d\x7a\x3d\x84\x10\xd8\xbe\x73\x3b\x6c\xa9\xa9\x37\x86\xc1\x08\
\x8e\x47\xc3\x30\x30\xea\x74\xb2\x60\x36\x31\x20\x12\x11\xc5\xc3\
\x9a\xb5\x6b\x91\x91\x91\x1e\xff\x05\x4f\x6d\xed\x11\x80\xd3\xe9\
\xc2\x8b\x2f\xbc\x84\x7f\xfb\xb7\x7f\xc3\x98\x7b\x8c\x1b\x7f\x0e\
\x1d\x3c\x78\x08\x83\xfd\x03\x33\x0f\x50\x9a\x3a\x48\x65\x52\x5a\
\x94\x10\x00\xcc\x66\x13\x0a\x97\x15\x22\x35\x35\x35\xa6\x80\x58\
\x5e\xbe\x32\xac\x52\x37\x53\xd7\x55\x62\x72\xab\xb5\xae\xeb\x68\
\x6a\x6a\xe2\xec\x3d\xc4\x80\x48\x44\x14\xab\xf2\xf2\x95\x48\x4f\
\x4f\xf7\xbf\x66\x4c\xf0\x20\x12\x21\x04\x3a\x3a\x3b\xf1\xa3\x1f\
\xfd\x18\xcf\xfe\xf0\x59\x38\x9d\x4e\xee\x80\x39\xe0\x76\xbb\xd1\
\x3f\xd0\x0f\x5d\x1a\x91\xb7\x1a\x07\x5a\xf6\x14\x55\x85\xcd\x96\
\x1a\x53\x38\x0c\x3d\x2e\xb2\xb2\x32\xfd\xa3\x99\x6f\xf1\x73\xa1\
\xff\x2e\xa6\xfc\x9d\xae\xeb\x38\x78\xe0\x20\x9a\x9a\x9a\xb8\x93\
\x89\x01\x91\x88\x28\x56\x2b\xca\x96\x23\x39\x25\xe5\xa6\xa5\x44\
\xc2\xbe\xd9\xc3\x3f\xd3\x05\x80\x69\x03\xa7\xaa\xaa\xe8\xee\xbe\
\x8e\x7f\xfe\xe7\x1f\xe0\xdb\xdf\xfe\x36\xc6\xc6\xc6\x58\x23\x71\
\x96\x35\x34\x34\xc0\x39\xd3\x6b\xfe\xa9\x75\x10\xa7\x19\x2c\xa2\
\xeb\x3a\xac\x56\x2b\x6a\x6b\x6a\x50\x5e\x5e\x1e\x97\x75\x7a\xec\
\xb1\xbd\x28\x2a\x2a\x9c\xf9\x58\x30\x0c\x18\x21\x7f\x37\x75\xe4\
\x75\x30\x20\x9e\x3d\xdb\x88\xb6\xb6\x6b\xdc\xc9\xc4\x80\x48\x44\
\x14\xab\x47\x1f\x7f\x14\x6b\xab\xab\x27\x0a\x25\xc7\x40\x02\x13\
\x37\xf2\x99\x02\xa7\x94\x70\x8d\xba\xf0\x9b\x77\xde\xc3\x7d\xbb\
\xef\xc7\x85\x0b\x17\xb8\x13\x66\x89\x94\x12\xcf\x3f\xf7\x2b\x0c\
\x0d\x0d\x4d\x3f\x0f\x72\x68\x1d\xc4\x19\x46\xb5\x4b\x29\x91\x99\
\x99\x81\xdb\x76\xdc\x86\xca\xaa\xca\xd8\x1f\x2a\x84\xc0\xf6\xed\
\xdb\x91\x97\x9f\x3f\x73\x40\x0c\xf7\xe1\xc5\x30\x30\xb6\xd8\xfa\
\xb8\x06\x43\x3a\x1f\xa4\x96\x04\x13\x37\x01\x2d\xe6\x1b\x90\xd4\
\x0d\x18\x5e\x2f\xa4\x6e\x8c\xdf\x68\x24\xfc\xad\x4b\x13\xff\x46\
\x37\x8f\x59\x37\xf6\xe1\x13\x42\x81\x30\xa9\x50\x2d\xe6\xb8\x0e\
\x28\xd9\xba\x75\x2b\x0a\x8b\x96\xe1\xf8\x71\xff\x0d\x28\x51\x7b\
\x47\x11\xc2\x7f\x7c\x08\x01\x08\xff\xc0\x82\xab\x57\xae\xe2\xe9\
\x27\x9f\xc6\x43\x8f\x3c\x84\xbf\xfa\xab\xbf\x42\x72\x72\x32\x77\
\x7f\x02\xe9\xba\x8e\x63\xc7\x8e\x85\x37\xfd\xe1\x0c\xc7\x98\x10\
\x02\xa9\x69\x69\x28\x2d\x29\x81\xd5\x6a\x8d\xcb\x7a\xad\x5a\xbd\
\x0a\xe9\x69\x69\xd3\x87\xd6\xc8\x0e\x32\x74\x76\x77\xc1\x6e\xb7\
\x23\x33\x33\x73\x71\xec\xb4\xe0\x80\x1d\x5e\x36\x19\x10\x89\x16\
\x32\xc3\xa7\xc1\xd5\x75\x1d\xf6\x73\x4d\x70\x75\x74\x43\x98\x4d\
\x30\x60\x40\x40\x81\x84\x01\x31\x31\xa9\x17\xdd\x34\x20\x86\xdc\
\x1f\x00\xc0\x00\x14\x8b\x19\x99\xeb\xab\x90\x51\x51\x0e\x73\x5a\
\x6a\xdc\x3e\x4d\x55\x55\xac\x2a\x5f\x85\xcc\xcc\x4c\x38\x1c\x8e\
\xc4\x1d\x1b\xd3\x95\x31\x01\xd0\xdd\xd3\x83\x17\x5f\x78\x19\x1f\
\x7c\xb0\x1f\xbf\xff\x95\xaf\xe0\xab\x5f\xff\xea\x2d\xfb\xa3\x51\
\x74\xda\xdb\xdb\xe1\x76\x7b\x20\xa5\x8c\x2a\x8c\x49\x29\x61\x36\
\x99\x90\x66\x4b\x45\x4a\x8a\x2d\x7e\x0f\x0f\x8a\x82\xec\xac\x2c\
\x58\xcc\x16\x78\x7d\xde\x1b\x0b\x64\x87\xdd\xfd\x41\xe0\xa3\x8f\
\x3e\xc2\x9d\x77\xde\x81\xbb\xee\xba\x8b\x3b\x9c\x18\x10\x89\xe6\
\x4d\xb4\xf1\xfa\xe0\xb8\x78\x19\x57\x5e\x78\x01\xd7\x8f\x7d\x0a\
\x93\x2d\x15\x90\x06\x00\x7f\x3d\x3c\xc1\x70\x18\x41\x48\x14\xe3\
\x09\xd1\xd0\x0d\x58\x52\x52\x50\xf1\xc4\x97\x90\x94\x97\x13\xd7\
\x80\x08\x00\x8f\x3d\xfe\x18\x2e\x5c\xb8\x88\xf7\xdf\x7f\x1f\xba\
\xae\xfb\x8b\x68\x27\xec\xab\xdd\xf8\xea\xd2\xe1\x70\xc0\xe1\x70\
\xe0\x87\xcf\x3c\x8b\x37\xde\xfc\x35\xf6\xee\x7d\x14\x4f\x7e\xf9\
\x4b\x48\x89\xa1\x08\x33\x4d\xe6\xf3\xf9\x70\xae\xf1\x3c\x7c\x3e\
\x5f\x78\x51\x2b\xa4\xf5\x7f\x22\xab\x19\xc8\xca\xca\xc2\x6d\x3b\
\xb6\x63\xc5\xca\xe5\x71\x5d\xbf\x9d\x3b\x77\xe2\xd4\xc9\x53\xb8\
\xda\xdc\x0c\xa1\xaa\xe3\x35\x0e\x8d\x30\x8f\xc5\x60\xa8\xbc\xd4\
\x74\x09\xcd\xcd\x2d\x8b\x2a\x20\x0a\x08\x08\x28\x7c\xb8\x66\x40\
\x24\x5a\xc0\xb1\x46\x4a\xf8\x86\x87\xe1\xec\xec\xc0\x68\x57\x3b\
\x44\x18\xe5\x2b\x28\x0c\x86\x01\x4b\x5a\x3a\x3c\x7d\x03\x90\x5e\
\x2d\xee\x8b\xaf\xaa\xaa\xc4\xaa\x55\x2b\x71\xf0\x80\x05\x6e\x8f\
\x27\xd0\x1d\x20\x51\x77\x3b\x31\xe3\xcd\xbd\xb3\xa3\x03\xed\xed\
\xed\xe8\xef\xef\xc7\x47\x1f\x1d\xc0\xce\x9d\x3b\xf0\xf0\xc3\x9f\
\x43\x61\x51\x21\x8f\x81\x18\x79\x3c\x1e\xfc\xf4\xa7\x3f\x85\xd3\
\xe9\x0c\xaf\xf5\x30\x74\xa0\x4a\x60\xbf\x19\x86\x81\xbc\xbc\x3c\
\x6c\xda\xb4\x11\x85\x85\xf1\xdd\x27\xf5\xb7\xd5\xe3\xad\x7d\x6f\
\xe1\x6a\x4b\xcb\xf8\x23\x52\x34\xfd\xee\xbc\x5e\x1f\xec\x43\x8b\
\x6d\x5e\x66\x99\xc8\x33\x92\x18\x10\x89\x66\xeb\x71\x57\xf1\xff\
\x09\x3c\xf7\x4e\xf4\x3c\x14\x21\x17\x3b\x9a\xa9\xad\x60\xe2\x96\
\x20\xc7\x5b\x0f\x00\x01\x21\x94\x19\x03\x56\x3c\x3c\xf0\xc0\x03\
\x38\x77\xee\x02\x0e\x1e\x3c\x08\xc3\x90\x50\x54\x25\x31\x23\x8c\
\x6f\x31\xa5\x9f\xaa\x28\x68\x6b\x6b\x43\x6b\x6b\x2b\x1a\x1b\x1b\
\x71\xfa\xcc\x19\x54\x55\x55\x62\x43\x6d\x2d\x6e\xbf\xe3\x76\xbe\
\x7e\x8e\x92\xc3\xe1\xc0\xf9\x0b\x17\xa1\xeb\x7a\xd8\x91\x64\xba\
\x20\x6f\xb3\xa5\x60\x59\x41\x41\xdc\x5b\x99\x57\xad\x5a\x85\x9c\
\x9c\xbc\x1b\xd6\x41\x04\xfa\xae\x46\xf2\x90\xda\xd9\xd1\x89\x9e\
\x9e\x5e\x14\x14\xe4\x2f\xa2\x88\xc8\x90\xc8\x80\x48\xb4\xd0\x1f\
\x74\xe1\xef\x50\xed\xbf\xff\x8b\x29\xb1\x87\xaf\x48\xc2\x0d\x89\
\x93\xa6\x49\x16\x81\xb0\xad\x88\x84\xdd\x23\xea\xb7\xd5\xe3\xc1\
\x07\xf7\xa0\xb9\xb9\x19\x5d\x9d\x9d\x90\x86\xe1\xbf\x39\xcf\xea\
\xb3\x85\x32\x7e\x93\x07\x80\xee\xee\x6e\xbc\xf9\xc6\x9b\x48\x49\
\x49\x41\xf5\xda\x35\x38\x75\xfa\x0c\x96\x15\xe4\xa3\x76\x43\x2d\
\xd6\xae\x5d\x1b\xfb\xa0\x86\x25\xa4\xe7\x7a\x0f\x74\x9f\x2f\xf2\
\xfe\x87\xc1\x57\xcd\x52\xc2\x6a\xb5\x22\x3b\x27\x07\xe9\x09\x28\
\xae\xae\x28\x0a\xf2\xf3\x73\x61\xb5\x5a\xe1\xf5\x7a\xa3\xde\xb7\
\x8a\xa2\xe0\xd4\xe9\x53\x38\x73\xea\x34\x76\xdf\xbf\x7b\x51\x5c\
\x52\xa5\x10\x30\x99\x4c\x30\x5b\xf8\x46\x86\x01\x91\x68\x71\x27\
\x48\x8a\x62\x1b\xc9\x59\xd8\x76\xf7\xec\xba\x1b\x67\xce\x9c\xc6\
\xab\xaf\xbe\x06\x97\xd3\x09\x35\x9e\xad\x75\xc1\xe9\xfc\xc2\xb8\
\xf1\x07\xc3\x81\x94\x12\x9a\xa6\x61\x78\x78\x18\x47\x8f\x1e\xc3\
\xb9\xf3\x17\xa0\x28\x0a\xee\xbe\xfb\x6e\xdc\xf9\x99\x3b\x50\x52\
\x52\x82\xe2\xe2\x22\xac\x58\xb1\x02\xaa\xaa\xf2\xd0\x99\xc1\xc8\
\xc8\x28\x8e\x1c\x69\x80\xa6\x69\xd1\x05\x2f\x21\xa0\xfb\x7c\x28\
\x28\xc8\xc7\xd6\xad\x5b\x91\x97\x97\x97\x90\xf5\xac\x5a\xb3\x06\
\x25\x25\x25\x68\x6e\x6e\x0e\x39\x6c\x22\x3b\xee\x15\x21\xd0\x7c\
\xa5\x19\xe7\xce\x9d\x5b\x14\x01\x31\x58\x7e\xca\x39\x32\x8a\xae\
\xae\x2e\xd8\xed\x0e\x38\x9d\xa3\x8b\xe3\x51\x38\xa4\x75\x38\x39\
\x39\x19\xe9\xe9\xe9\x4b\xfe\x0d\x01\x03\x22\x2d\x6a\x82\x81\x70\
\x96\xb6\x6d\xfc\x95\x96\x96\xe2\xde\xdd\xbb\xd1\x70\xf4\x18\x2e\
\x5d\xba\x1c\xf5\x68\xd7\x5b\x86\xc4\x08\x6e\x20\x41\xba\x61\x60\
\x78\x78\x18\x42\x08\xbc\xf3\xce\x3b\x38\x74\xe8\x10\x92\x93\x93\
\xb1\x79\xf3\x66\xec\xd9\xf3\x59\x54\xad\xa9\x42\x56\x56\x16\x72\
\x72\x72\x18\x16\xa7\x18\x1c\x1c\xc0\xeb\xaf\xbf\x06\x8f\xd7\x1b\
\xf1\x3e\x08\x3d\x93\x97\xaf\x58\x81\x9d\x3b\x77\x22\x3b\x3b\x3b\
\x21\xeb\x59\x57\x57\x87\xea\xea\xb5\x68\x6e\x6e\x8e\x7e\xa4\x35\
\x00\xd7\x98\x0b\x03\x43\x83\x30\xa4\x01\x45\x28\x0b\xfc\x9c\x17\
\x80\x6e\xa0\xad\xb5\x15\xaf\xbc\xf4\x2a\x1a\xcf\x9c\xc3\x98\xc7\
\xbd\x28\x8e\xcb\x60\x5f\x67\xaf\xd7\x8d\xda\xda\x5a\x3c\xfc\xf0\
\xc3\xc8\xca\xca\x62\x40\x24\x5a\xac\x09\x86\x91\x30\x71\xc1\x50\
\xce\x42\x4a\xdc\xb5\xeb\x1e\x0c\x0e\x0e\xe2\x7f\xfd\xc3\x3f\xa2\
\xa3\xbd\xdd\x7f\x93\x0e\xb3\xe5\xef\x16\x69\x2f\xe6\xd6\x86\x60\
\x60\x70\xbb\xdd\x18\x1b\x1b\x83\xa2\x28\xe8\xed\xed\x45\x43\x43\
\x03\xd2\xd2\xd2\xb0\xbe\x66\x1d\x1e\x7d\xe4\x11\x6c\xde\xbc\x19\
\x49\xc9\x49\x48\x4e\x4e\xe6\x6b\x68\x00\x43\x43\x43\xb8\x72\xd5\
\x1f\xba\xa2\x0d\x88\xc1\x52\x34\x89\xec\xd7\xb7\x7a\xf5\x2a\x2c\
\x5f\x5e\x06\x45\x51\x60\xc4\x30\xf5\xa3\x21\x25\x06\x07\x86\xd0\
\xd7\xdb\xbf\xf0\xfb\x21\x06\xae\xa9\x83\x76\x07\x0e\x7d\xfc\x31\
\x1a\x8e\x1e\x5d\x74\xb3\x0f\xe9\xba\x8e\xc1\x01\x3b\x76\xed\xda\
\xc5\x80\xc8\xdb\x1d\x11\xcd\x57\x16\x8b\x05\x0f\x3c\xf0\x00\x7a\
\x7a\x7a\xf1\x93\x1f\xff\x04\x7d\xbd\xbd\x37\xbc\x6a\x16\x81\xc0\
\x37\x57\x37\xaa\xd0\x01\x12\x1e\x8f\x07\x1d\x1d\x1d\x50\x14\x05\
\xad\xad\xad\x38\x76\xf4\x38\xb2\xb3\xb3\x50\x53\x53\x83\x47\x1e\
\x7d\x18\x9b\x37\x6d\x42\xd2\x12\x2e\xc0\xad\xeb\x3a\x3a\x3a\xba\
\xa0\x6b\x7a\xd4\xad\x72\x86\x61\xc0\x66\xb3\xa1\xb8\xb8\x18\x36\
\x5b\xe2\x4a\x0f\xa9\xaa\x8a\xcc\xcc\x2c\xa8\xaa\x1a\xd3\xb1\x25\
\x20\xd0\xd4\xd4\x84\xd3\xa7\x4f\x63\xf7\xee\x7b\x17\xfc\x43\x82\
\x0c\xfc\xd3\xe3\xf5\xc2\xe3\xf1\x2c\xbe\x63\x54\xd3\xe1\x76\xbb\
\x61\x18\x6c\x5e\x60\x40\x24\xa2\x79\x2d\x3b\x3b\x0b\x8f\x3e\xf2\
\x30\x5a\xae\x5e\xc5\x5b\xfb\xde\x86\xd3\xe9\x9c\x78\x6d\x2b\x27\
\xcf\x87\x13\xda\x5f\x70\x2e\x08\x21\xc6\xd7\xcd\xe3\xf1\xa0\xa5\
\xa5\x05\xad\xad\xad\xb8\x78\xb1\x09\x0d\x0d\x47\x91\x99\x99\x81\
\x75\xeb\xd6\xe1\xc9\x27\x9f\x44\xf5\xfa\xb5\x0b\xfe\x95\x63\xa4\
\xec\x76\x3b\xce\x9f\x6f\x84\xa6\x69\xc1\x0d\x16\x55\x40\x2c\x29\
\x29\xc6\xc6\x8d\x75\xb0\xd9\x6c\x09\x5d\xdf\x82\x82\x7c\x64\x64\
\x64\x60\x60\x60\x60\xd2\x3e\x8e\xe4\xf8\x52\x54\x05\x97\x2f\x5f\
\xc2\xe1\xc3\x87\x71\xf7\xdd\x77\xc1\xbc\x48\xca\x6d\x29\xf1\x68\
\xc9\x9f\x8f\x01\x58\x95\x30\x99\x4c\x60\x63\x3f\x03\x22\x11\x2d\
\x00\x2b\xcb\x57\xe2\x3f\xff\xd1\x7f\x86\xd7\xe7\xc3\x7b\xef\xbe\
\x87\x51\xa7\x13\x66\x93\x69\xbc\xe5\x30\x78\xc3\x9e\x4f\xcf\xfc\
\x22\x30\xda\x13\x90\x18\x1b\x1b\xc3\xf9\xf3\xe7\x01\x00\xa7\x4e\
\x9d\xc6\x99\x33\x67\x51\x50\x90\x8f\x55\xe5\xe5\x78\xe0\x81\x07\
\x50\xb7\xa9\x6e\x49\xec\xc7\xcb\x97\x2f\xe3\x8d\x37\x7e\x0d\x5d\
\xd7\xa3\x6e\x49\x93\x52\x62\xd5\xaa\x55\xa8\xab\xab\x43\x52\x52\
\x52\x42\xd7\xb7\xa6\xb6\x16\xdb\xb7\x6f\xc3\x5b\x6f\xbd\x3d\xd1\
\xe2\x19\xe1\xc3\x87\x10\x02\x63\x63\x6e\xf4\xf6\xf4\x62\x6c\x6c\
\x6c\xd1\x04\xc4\xc5\x4a\x4a\x39\x2b\x83\xf0\x18\x10\x89\x88\xe2\
\x14\xb6\x6a\x6a\x6b\xf0\xad\x6f\x7f\x13\x02\xc0\xbb\xef\xbe\x87\
\xd1\xd1\x51\x98\x2d\x96\xf9\x7c\xa7\x19\x0f\xad\xa1\x2d\x8b\x6e\
\xb7\x1b\x0d\x0d\x0d\x81\x3a\x7e\x36\x34\x34\x1c\x45\xd5\x9a\x4a\
\x54\x56\x55\xe1\xce\x3b\xee\xc0\xea\x8a\xd5\x8b\x76\x3f\xf6\xf6\
\xf6\xa1\xa5\xa5\x35\x86\x03\xc1\xbf\x41\xd3\xd2\xd2\x90\x9b\x97\
\x9b\xf0\xf5\xad\xa8\x58\x8d\x4d\x1b\x37\xe1\x37\xbf\x79\x6f\x7c\
\xd6\x97\x68\xa2\x83\x61\x18\x70\x0c\x0f\xa3\xb7\xaf\x1f\xe9\xe9\
\xe9\x3c\xa1\x89\x01\x91\x88\x28\x9e\xd6\xaf\x5f\x8f\x6f\x7e\xeb\
\x9b\xc8\xcd\xcf\xc7\x1b\xaf\xbf\x81\xee\xee\xee\xf9\xd1\x22\x13\
\xc1\x60\x8b\xd0\x01\x2e\x2e\x97\x0b\x87\x3f\xfd\x14\x9f\x1e\x39\
\x82\xbc\xbc\x3c\x7c\xf2\xf1\x61\x6c\xda\xb4\x11\x65\x65\xa5\xd8\
\xb1\x73\x47\xc2\x46\xe8\xce\x85\xb1\xb1\x31\x74\x76\x76\x41\x84\
\xb6\xf6\x46\x38\x48\x45\x1a\x12\xe9\x19\x69\x58\xb1\x7c\x39\xac\
\x56\x6b\xe2\x6f\x90\x26\x13\xb2\x73\x73\x62\xee\x37\x28\x84\x40\
\x57\x47\x27\x2e\x9e\xbf\x80\xe5\x65\xa5\x6c\x45\x24\x06\x44\x22\
\xa2\xb8\x87\xc4\x9a\xf5\xf8\x46\x4e\x36\xca\x4a\x4b\xf1\xb3\x9f\
\xfd\x1c\x57\xae\x5c\x99\xd4\x42\x37\x6f\x42\xa2\x98\x28\x32\x1e\
\x4e\xab\x53\x5f\x5f\x1f\xde\x7e\xfb\x6d\x7c\xf8\xe1\x87\x28\x2b\
\x2d\xc5\xb1\x63\xc7\xb1\xbe\x66\x3d\x6e\xbf\x7d\x27\x96\x2d\x5b\
\xb6\xe0\xf7\x5b\x6b\x6b\x1b\x8e\x1d\x3d\x0a\x43\xca\x89\xc1\xef\
\xe1\x06\xc4\xc0\xcf\xe9\xba\x8e\x75\xeb\xd6\x61\x4b\xfd\x96\x59\
\x09\x88\x00\x90\x9b\x9b\x8b\xcc\x8c\x0c\xf4\xf5\xf7\x47\x17\x0e\
\xe1\x1f\xf0\xd2\x76\xed\x1a\x8e\x1d\x3d\x86\x3b\xee\xb8\x1d\x19\
\x99\x19\x3c\x91\x89\x01\x91\x88\x28\xde\x8a\x8a\x8a\xf0\xd4\x53\
\x5f\x46\x76\x76\x16\x9e\x7d\xf6\xc7\xb8\x78\xf1\x22\xdc\x6e\x37\
\x84\x10\x71\x9f\x76\x2d\xbc\x14\x20\x66\xc8\x35\x33\x4f\xe5\x17\
\x0c\x8e\x93\xea\x2b\xea\x3a\x9c\x4e\x27\x2e\x5d\xbe\x8c\xd6\xb6\
\x36\x64\x65\x65\xe1\xd1\x47\x1f\xc1\x96\xad\x5b\xb0\x7e\xfd\x3a\
\x94\x95\x95\x2d\xd8\x7d\x76\xe5\xf2\x65\x9c\x3c\x79\xd2\xbf\x4d\
\x82\xdf\x39\x82\x7d\x25\x02\xdb\x73\x75\x45\x05\xaa\xab\xab\x67\
\x6d\x3f\x97\x14\x17\xa3\xae\x6e\x03\xde\xff\xe0\x43\x18\x51\xf6\
\x9d\x54\x84\x80\xd3\xe9\x44\x4b\x5b\x0b\x5c\x63\x2e\x06\x44\x62\
\x40\x24\x22\x4a\x14\x5b\xaa\x0d\x0f\x3f\xf2\x30\xb2\x73\x72\xf0\
\xca\xcb\xaf\xe0\xc8\x91\x06\x74\x75\xfb\x4b\xa8\xcc\x9b\xe2\xd4\
\xa1\x61\x62\x4a\x58\x9c\xae\x55\x31\x18\x7a\x82\x41\x71\x6c\x6c\
\x0c\xbf\xfc\xe5\x73\x78\xeb\xad\x7d\xb8\xef\xfe\xdd\xd8\xf3\xc0\
\x03\xa8\xac\xaa\x44\x6e\x6e\xee\x82\xdb\x5f\x9d\x5d\xdd\xe8\xe9\
\xe9\x89\x69\x3b\x9a\xcd\x66\xe4\xe7\xe5\xce\xea\xab\xf7\xe2\xe2\
\x22\xec\xd8\xb9\x13\x07\x0f\x7d\x8c\xb1\xb1\xb1\x88\x7f\x3f\x38\
\xca\x5e\xd3\x34\x0c\x3b\x46\x30\x30\x30\x80\xc2\xc2\x42\x9e\xc0\
\xf3\x94\x10\x82\x93\xb0\x32\x20\x12\xd1\x42\x67\xb1\x58\x70\xe7\
\x9d\x77\xa0\xb4\xb4\x04\x07\x0e\x1c\xc0\xcb\x2f\xbf\x82\xc6\xb3\
\x8d\xd0\x75\x03\x86\x61\xcc\x4d\x6b\x62\x38\x61\x31\x8c\x9b\x54\
\x30\xe4\xda\xed\x76\x38\x1c\x0e\xbc\xf0\xab\x17\x71\xfc\xd8\x09\
\xec\xde\xbd\x0b\x0f\x7d\xee\x21\x94\x96\x96\x22\x79\x81\xd4\x54\
\x74\x3a\x9d\xb8\x7e\xfd\x3a\x7c\x3e\x1d\xaa\xaa\x4c\x04\xe6\x08\
\xb6\x89\x21\x25\x32\x33\x33\x51\x52\x5a\x3a\xab\x0f\x00\xa9\x69\
\x69\xa8\xaa\xaa\x84\x29\xd2\xcf\x0c\x79\x20\x08\x3e\x0c\xf4\xf7\
\xf5\xe1\xd2\xa5\xcb\x58\xbd\xba\x02\x49\x49\xd6\xc5\x77\x42\x46\
\x59\xf8\x9c\x01\x91\x01\x91\x88\x28\xfe\x17\x31\x93\x09\x15\x15\
\x15\x28\x2a\x2a\x42\x69\x69\x29\xde\x78\xfd\x0d\x1c\xf8\xe8\x20\
\x06\x87\x86\xa0\x1b\x06\x64\x84\x41\x51\x11\x02\xc6\x3c\x9a\x1d\
\x22\x18\x86\x1c\x0e\x07\x4e\x9e\x3c\x89\x6b\x6d\x6d\x68\x6c\x3c\
\x87\x3d\x0f\xee\xc1\xbd\xf7\xee\x42\x66\x66\xe6\xbc\xdf\x47\xe7\
\x1a\xcf\xa1\xf1\x6c\x23\x14\x25\xfa\x5b\xaf\x61\x18\xa8\xad\xad\
\xc5\xba\x75\xeb\x66\x7d\xfd\x33\xb3\x32\x03\xb5\xf1\x22\x58\xff\
\x29\x3f\xab\x28\x0a\xba\xaf\x77\xe3\xf8\xb1\xe3\xd8\xb1\x63\xfb\
\xa2\xe8\x57\xba\x58\x42\xe1\xe4\xaf\xc3\x22\x37\x0c\x88\x44\xb4\
\xa8\xd8\x6c\x36\xdc\x77\xdf\x7d\x58\xb9\x72\x25\xb6\x6c\xdd\x8a\
\x8f\xf6\x1f\xc0\xfe\x0f\xf7\xc3\xeb\xf3\xfa\x6b\xd8\x05\x2e\xfe\
\xb7\xba\x99\xcd\xd7\x9b\x83\x29\x30\x83\x4c\x4f\x6f\x2f\xde\x7b\
\xf7\xb7\x68\xba\x74\x19\x67\xcf\x9c\xc5\x57\xbf\xfa\x07\x28\x2d\
\x2b\x9d\xd7\x73\x3e\x7f\xfa\xe9\x11\x9c\x3e\x7d\x7a\x22\x2c\x01\
\x30\x22\x09\x15\x81\x69\xf9\xd6\xaf\x5f\x87\x8a\x8a\x8a\x59\x5f\
\xff\xac\xac\x6c\xac\xaf\xa9\xc1\x27\x9f\x7c\x12\x51\x0d\xc7\xd0\
\x69\x29\x55\x55\x85\xd3\x39\x86\xa6\xa6\x26\x0c\x0d\x0d\x2d\x9e\
\x80\x78\x93\x50\xcc\x80\xc8\x80\x48\x44\x34\x6f\x54\x54\x54\xa0\
\xa2\xa2\x02\x5b\x36\x6f\x46\x4d\xcd\x7a\x9c\x39\x73\x06\xfb\x3f\
\xd8\x0f\xaf\xe6\xbb\xe5\xcd\x5c\x02\xf3\x7e\x6e\x59\xb3\xd9\x0c\
\x4d\xd7\xd0\x74\xf1\x22\xda\x5a\x5b\x31\x30\x30\x80\x87\x1f\x79\
\x18\xf7\xdc\x73\xf7\x78\x88\x9c\x6f\xda\xdb\xdb\x61\xb7\xdb\xc7\
\xd7\x4f\x46\x59\x70\x3a\x2f\x2f\x0f\x69\x69\xa9\xb3\xbe\xfe\x05\
\x05\x05\xd8\xfb\xe8\x23\x38\x75\xea\x24\x46\x46\x46\xa3\x5e\x8e\
\xa6\xf9\xe0\x70\x0c\xc3\x6e\xb7\x2f\xba\x50\x18\xee\x68\xfd\x05\
\xf0\x85\x00\xbe\x64\x66\x40\x24\xa2\xc5\xab\xa6\xb6\x06\x35\xb5\
\x35\xb8\x70\xfe\x02\x2a\x2b\x2b\x71\xf9\xf2\x65\x1c\x3b\x76\x1c\
\xfd\xfd\xfd\xe3\xb3\x62\x04\xfb\x1b\x89\x28\x43\xcb\xdc\xdd\x93\
\x85\x3f\x28\x6a\x1a\x5e\x7a\xe9\x65\x5c\xb8\x70\x01\x63\x2e\x17\
\x1e\xd8\xf3\x00\x2c\xf3\xac\x78\x78\x5f\x5f\x1f\x86\x47\x46\x26\
\xb5\x70\x46\x1a\xc2\x25\x80\xec\x9c\x1c\x14\x16\xcd\xcd\xe0\x8e\
\xe4\xe4\x24\x6c\xa8\xab\x83\xc5\x62\x05\x30\x1a\xd1\x7a\x4f\x35\
\x3a\x32\x8c\x6b\x6d\xd7\xb0\x71\xe3\xc6\x84\xcf\x04\x33\xdb\x41\
\x51\x2c\x8a\xd6\x37\x09\x4c\x9a\xc0\x93\x01\x91\x88\x68\x51\x5a\
\x5b\xbd\x16\xff\x4f\xf5\x5a\x5c\xbb\x76\x0d\x6f\xbd\xb5\x0f\x27\
\x8e\x1f\xc7\xb9\xc6\xf3\xe8\xe8\xe8\x80\xc7\xe3\x81\xa2\x28\x50\
\x14\x65\xde\xb7\x1c\x86\x86\xc3\x60\xc8\x0a\x0e\x66\x39\x73\xe6\
\x2c\xbe\xf7\xb7\xdf\x43\xcf\xf5\x1e\x3c\xf9\xd4\x93\x48\x4b\x4b\
\x9b\x1f\xb7\x5a\x29\x71\xe4\x48\x03\x2e\x35\x5d\x9a\x08\xe5\x21\
\xc1\x29\x9c\x56\xa7\xe0\x54\x8a\xf7\xde\xbb\x0b\x75\x75\x1b\xe6\
\xec\xbb\x64\x66\x65\xc0\x62\xb5\x44\xd6\x0f\x31\x38\x3d\x1f\x26\
\x4a\x1a\xf5\xf6\xf4\xe1\xc4\xb1\x13\xb8\xed\xb6\xdb\xb0\x7c\xc5\
\xf2\x85\x19\xa1\x02\xe7\x4a\xe8\xfe\x1c\x9f\x8a\xd0\x30\xc6\x03\
\xe3\x42\xe5\x19\x1b\x83\x11\xfc\x1e\x0c\x88\x44\x44\x8b\x5b\x59\
\x59\x19\xbe\xf1\x8d\xff\x02\xb7\xdb\x8d\x77\xf6\xbd\x83\xf7\xde\
\x7b\x0f\x2d\x2d\xad\x68\xef\x68\x87\x7d\xc8\x01\x4d\xf3\xcd\x5d\
\x1d\xc5\x28\x6e\xce\x93\x2e\xe4\xaa\x8a\xb6\xf6\x76\x7c\xf7\xbb\
\x7f\x07\x8f\xd7\x8b\xa7\xbf\xf2\x14\xb2\xb2\xb2\xe6\xc5\xba\x1e\
\x6d\x38\x8a\xd6\xd6\xd6\x89\xd6\xda\xc0\xfc\xd9\xe3\x21\x22\xcc\
\x60\xbe\xbe\x66\xfd\x9c\xd6\x81\x4c\x4e\x4e\x46\x45\x45\x05\xfa\
\xfa\xfa\xa0\x6b\x7a\x64\xfb\x2b\x10\x96\x14\x55\x85\xdb\xe3\xc6\
\xe9\x33\x67\xd0\x7d\xfd\xfa\x82\x0c\x88\x42\x08\x64\x66\x66\x62\
\xc5\x8a\xe5\xc8\xcb\xcf\x87\xae\x69\x0b\xe6\xe1\x2a\x1c\x86\x94\
\xd8\x58\x57\xb7\x60\x2a\x04\x30\x20\x12\x11\xc5\x49\x52\x52\x12\
\xf6\x3e\xbe\x17\x7b\x1f\xdf\x8b\x2b\x57\xaf\x60\xdf\x5b\x6f\xe3\
\xc0\xfe\x03\x18\x1c\x1a\x42\x6f\x6f\x2f\x06\x07\x07\x61\x18\x06\
\xa4\x94\x50\x14\x25\xe6\x69\xd6\x66\x29\x89\x41\x51\x14\x78\x7d\
\x5e\xfc\x7f\x7f\xff\x0f\x30\x74\x03\x4f\x3e\xf5\x25\xe4\xe7\xe7\
\xcf\xe9\x6a\x69\x9a\x86\x96\x96\x56\xb8\x9c\x2e\x28\xaa\x72\x43\
\x1f\xcf\x70\x82\x45\xb0\x95\xb4\x20\x3f\x7f\x4e\xc3\xbb\xcd\x66\
\xc3\x83\x0f\xee\xc1\xe9\x53\xa7\xe1\x70\x38\xc2\x3b\x2e\xa6\xfc\
\x8c\x00\xe0\xd3\x34\x8c\x8c\x8c\x60\xd8\xe1\x58\x70\xe7\x8e\x94\
\x12\xaa\xaa\x60\xdd\xba\xb5\xf8\xf3\xbf\xf8\x73\xec\xd8\xb1\x83\
\x17\x14\x06\x44\x22\xa2\xc5\x67\xf5\xaa\xd5\xf8\xe3\x3f\xfe\x23\
\xfc\xde\xef\xfd\x1e\xba\xba\xba\xf0\xc1\xef\x7e\x87\x37\xdf\xfc\
\x35\x9c\x4e\x17\x46\x46\x46\x30\x38\x38\x08\x4d\xd3\xc6\x83\xca\
\xbc\x0d\x8b\x81\xe0\x24\x84\x80\xc7\xe3\xc1\x3f\xfd\xd3\x3f\xc1\
\x62\xb5\xe0\x0b\x5f\x7c\x02\x39\x39\x39\x73\x16\x26\x5a\x9a\x5b\
\x30\x38\x38\x88\x69\x7b\xa6\x05\x5b\xd6\x6e\x31\xb2\x5c\x08\x81\
\x8a\x8a\xd5\x58\x36\xc7\xc5\xa5\x2d\x16\x0b\xb6\x6c\xd9\x82\xa4\
\xa4\x24\x38\x62\x08\x77\x52\x4a\x38\xc7\x5c\x68\xef\xe8\x80\xdb\
\xed\x5e\xb0\xfd\x10\x17\x53\xab\x21\x31\x20\xd2\x52\x23\x6f\xf5\
\x97\xec\x84\x1c\xf3\x66\x5d\x04\xf7\x08\xab\xd5\x0a\xab\xd5\x8a\
\xac\xac\x4c\x94\x95\x95\xe2\x81\x3d\x7b\x30\x38\x38\x88\xc6\x33\
\x67\xf1\xf2\xcb\x2f\xa3\xb7\xaf\x1f\x4e\xa7\x13\x23\x23\x23\xd0\
\x75\x7d\xd2\x00\x97\x79\x49\x00\xa3\x4e\x27\x7e\xf9\x8b\x5f\x22\
\x2f\x2f\x17\x0f\x3d\xf4\x20\x92\xe6\xe0\x75\x99\xae\xeb\x78\xf7\
\xdd\xf7\xd0\xde\xde\x3e\xfd\xb6\x0a\x23\x20\x1a\x86\x01\xb3\xd9\
\x8c\x9d\xb7\xef\xc4\xf2\xe5\x73\x3b\xcd\xa0\x10\x02\xcb\x97\x97\
\x21\x39\x39\x39\xfc\x7d\x3f\xcd\x54\x8b\x8a\xa2\xc0\x3e\x64\xc7\
\x91\xc3\x47\x50\x5f\xbf\x15\x35\x35\x35\x0b\x2c\x18\x02\x86\x21\
\x61\xe8\xec\xa3\xc7\x80\x48\xb4\x68\x4c\xed\x1e\x4f\x34\x59\x5a\
\x5a\x5a\x60\x80\xc7\x2a\xac\x5d\xbb\x06\x9b\xb7\x6c\xc6\xc0\xe0\
\x20\x2e\x5c\x38\x8f\x77\x7f\xf3\x1e\x9a\x9b\x9b\xe1\x76\xbb\xe1\
\x76\x7b\xc6\xc3\x62\x30\x3c\xcc\x9b\xa3\x3c\x10\x5e\x5b\x5a\x5a\
\xf0\xda\x6b\xaf\xa3\xb2\xaa\x12\x35\x35\x35\xb3\xbe\x8e\x52\x4a\
\x1c\x3c\x70\x00\xfd\xfd\xfd\xd3\x7f\x76\xf0\xbf\xdd\x62\xbd\x84\
\x10\xa8\xad\xad\x99\x17\xd3\xd3\x25\x27\x27\x63\xd5\xaa\x72\x74\
\x76\x76\x8e\xb7\x2c\xdf\x62\xe5\x6f\xfc\x4f\x8a\x80\xd7\xe3\xc5\
\xd9\xc6\x46\xb4\xb4\xb4\x2e\xb8\x80\xc8\xeb\x27\x03\x22\xd1\x12\
\x0b\x8c\x74\xf3\x1b\x81\x9c\xf2\x5f\x17\xff\x0d\x22\x2d\x2d\x0d\
\x1b\x02\xa3\x66\xb7\x6e\xdd\x8c\xad\x5b\xb7\xa2\xb9\xb9\x05\x1d\
\xed\x1d\x38\x74\xf0\x20\x9a\x2e\x5d\x86\xdb\xed\x86\xcf\xeb\xf5\
\xcf\xd8\x72\xb3\xb0\x38\x4d\x4b\x52\x58\x7f\x17\x25\x45\x51\xe0\
\xd3\x34\x1c\x3a\xf4\x31\x4a\x9f\xfb\x15\xbe\xfd\x9d\x3c\x14\xcd\
\x72\x89\x18\xaf\xd7\x8b\xbe\xfe\x7e\x68\x9a\x06\x65\xba\x96\xc2\
\xe9\x02\xe2\x94\x9f\x09\xf6\x3f\xcc\xcd\xcd\x9b\x17\xc7\x84\xa2\
\x28\xd8\x75\xef\x3d\x38\x73\xe6\x2c\xfa\xfa\xfa\x26\xf6\x75\x04\
\xfb\x50\x40\x40\x37\xfc\x73\x6d\x0f\x0f\x0f\xf3\x12\x43\x0c\x88\
\x44\x73\x93\x6d\xa4\xff\x7f\x12\x10\x81\xfa\x56\x72\x3c\xe0\x48\
\x06\xc4\x30\x03\x74\xb0\x0f\x99\x40\xb0\xd6\x99\x04\x0c\xb9\x64\
\x1a\x12\xd2\xd2\xd2\x51\x5f\x5f\x8f\xfa\xfa\x7a\xb8\x5c\x2e\xd4\
\xd7\x6f\x45\x63\xe3\x39\x0c\x0c\x0e\xe2\xdc\xd9\xb3\x38\x7b\xf6\
\x1c\x46\x47\x46\xe0\xd3\xb5\xf1\xb2\x2c\x22\xa4\x80\x30\x42\x47\
\xee\xce\x12\xb3\xd9\x8c\xd1\xd1\x51\xec\xdb\xf7\x36\xd6\xad\x5b\
\x87\xc7\x3f\xff\x18\x52\x52\x52\x66\xe5\xb3\x0d\xc3\xc0\x85\x0b\
\x17\xe0\xf3\xcd\x50\x9c\xfc\x66\xfd\x0e\x03\xdb\x49\x4a\x09\x93\
\xd9\x8c\xea\xb5\x6b\x90\x9d\x9d\x3d\x3f\xce\x08\x21\xb0\x73\xe7\
\x4e\x3c\xfb\xcc\x8f\xd1\xd7\xd7\x17\xde\x2f\x4d\x13\x1e\xa5\x94\
\xd0\x75\x1d\x76\xbb\x03\x9a\xa6\xcd\xdb\x02\xe7\xc4\x80\x48\xb4\
\x78\x49\xc3\xff\x07\x72\x52\x47\x79\x4e\xa6\x14\xd6\xc6\x9b\xe6\
\xbf\x04\x42\xb6\x34\x26\xdf\xfc\x96\x90\x94\x94\x14\xdc\xf9\x99\
\x3b\x71\xe7\x67\xee\x04\x00\x34\x1c\x69\xc0\x81\x03\x07\xd1\xdd\
\xd5\x85\xce\xae\x2e\x34\x5d\x6c\x1a\x6f\x39\x13\x42\x4c\x6c\xc5\
\x99\x02\x51\x82\x5e\xfd\x4a\x29\x61\x36\x9b\x31\x38\x38\x88\xe7\
\x9e\x7b\x0e\x1b\x37\x6d\xc4\xfa\xf5\xb3\x33\x8f\xb1\xa6\x69\x78\
\xf7\x9d\x77\x31\x38\x30\x78\xc3\x77\xbc\x69\xbb\x7d\x48\xd9\x1b\
\xc3\x30\x90\x92\x92\x82\xcf\xee\xd9\x83\x95\x2b\x57\xcc\x9b\xfd\
\x5f\x5e\x5e\x0e\xab\xd5\x1a\xd1\x3e\x9c\xda\x0e\x2f\x84\x80\xd3\
\xe9\xc4\xd9\xb3\x67\x71\xf1\x62\xd3\xac\xed\x17\x22\x06\x44\xa2\
\xc0\x45\xd8\x9c\x9e\x0e\x5b\x71\x09\x6c\xdd\xa5\x30\xd9\x52\x21\
\xa4\x01\x7f\x5b\xa2\x5c\x12\xaf\x49\xe3\x17\x14\xc5\xf8\x9d\xce\
\xd0\x0d\x58\x55\xcb\x3c\xfd\x00\x00\x20\x00\x49\x44\x41\x54\x52\
\x52\x60\xcd\xcb\x81\xb0\xf0\x12\x52\xbf\xad\x1e\xf5\xdb\xea\x01\
\x00\x97\x9a\x2e\xe1\xed\x7d\x6f\xe3\xd8\xf1\xe3\x68\x6f\xef\xc0\
\xf5\xeb\xd7\x31\x3c\x3c\x3c\xa9\x45\x71\xb6\xcf\x01\xaf\xd7\x8b\
\xd6\x96\x36\xbc\xff\xdb\xf7\x51\x52\x52\x8c\xcc\xcc\xcc\x84\x7f\
\xae\xae\xeb\x78\xe7\xed\xdf\xc0\x31\x3c\x3c\xa9\x34\x8d\x08\x27\
\x10\x07\xff\x5e\x51\x90\x94\x64\x45\x4d\xcd\xfa\x59\x59\xe7\x70\
\x99\xcd\x66\x14\x15\x15\xe2\xea\xd5\xab\xd0\x75\x3d\x9c\x9d\x70\
\x43\xbd\xc7\xe0\x7e\x39\x71\xfc\x04\x4e\x9d\x3a\xc5\x80\x48\x0c\
\x88\x44\xb3\x7a\x73\xb4\x98\x91\xb1\xa6\x02\xab\xbf\xf4\x25\x14\
\xdf\xfe\x19\xc0\x6c\x82\x01\x03\x02\x0a\x24\x0c\x08\xce\xb9\x19\
\x66\x38\x9c\xd2\x12\x62\x00\x8a\xc5\x8c\xcc\xf5\x55\xb0\x66\x66\
\x70\x13\x85\xa8\xac\xaa\x44\x65\x55\x25\x00\xe0\x93\x8f\x0f\xe3\
\xe5\x97\x5e\xc6\xf1\x13\x27\xd0\xd3\x7b\x1d\xc3\x8e\x91\x84\x07\
\x45\x45\x08\x18\x53\x5a\x75\x55\x93\x09\xc3\xc3\xc3\xf8\xe5\x2f\
\x9e\xc3\x9d\x77\xde\x81\x4d\x9b\x37\x25\x7c\x3b\x8c\x8d\xb9\x31\
\x3c\x3a\x02\xc3\x30\x26\xf5\xd3\xbb\xa1\xe5\xd0\x30\xa0\xa8\xea\
\x0d\xeb\x0c\x00\xaa\xa2\xc0\x66\x4b\x45\xfa\x3c\x99\x15\x26\xd4\
\xfd\xf7\xdf\x87\xa6\xa6\x4b\xe8\xea\xea\x9a\x79\x7f\x86\xbc\x5a\
\x96\x32\xd0\xcf\x45\x4a\x20\x50\x5b\xd3\xd0\x75\xd8\xed\x76\x0c\
\x0c\x0c\xf0\xc4\x21\x06\x44\xa2\xd9\xa4\x98\x4d\xb0\x95\x14\x21\
\x39\x3f\x17\x52\x37\xc6\x9f\xe2\x83\xed\x61\x92\xa5\x6e\xc2\x0c\
\x88\x62\x9a\x06\x11\x05\xc2\xa4\x42\xb5\x98\xb9\x89\x66\xb0\x63\
\xe7\x76\xec\xd8\xb9\x1d\x3d\x3d\x3d\x78\xf6\xd9\x1f\xe1\xf5\xd7\
\x5e\xc7\xd0\x90\x1d\x2e\x97\x6b\x72\xa8\x88\xe3\x20\x95\xe9\x82\
\x96\x00\xa0\xe9\x1a\x86\xec\x43\x38\x79\xf2\x24\xaa\xaa\xaa\x60\
\x4b\xb5\x25\xec\x7b\xeb\x9a\x8e\xe3\x47\x8f\xc2\xe7\xf3\x41\x1a\
\x06\x84\xa2\x4c\xb4\xa2\xdd\x70\x92\x2a\xe3\xeb\xac\x04\x82\x94\
\x84\xbf\x95\x3a\x25\x25\x05\xb5\xb5\xeb\x91\x95\x9d\x35\xef\xf6\
\xed\xed\xb7\xdf\x81\x5f\xfd\xea\x45\x74\x75\x75\xdd\xb0\xad\x83\
\x33\xc5\xc8\xa9\xdf\x77\xca\x36\x90\x52\xc2\xd0\x75\x8c\x0c\x8f\
\x40\xd7\x0d\xa8\xaa\xc2\x93\x86\x18\x10\x89\x66\x83\x10\x02\xc2\
\xa4\x42\x31\x71\xca\x24\x9a\x3b\x05\x05\x05\xf8\xaf\xff\xf5\xaf\
\xf1\xad\x6f\x7d\x0b\x3f\xf8\xc1\xbf\xe0\xff\xfc\xcb\xff\xf1\x87\
\x08\xc3\x98\x18\xac\x91\xe0\xd7\xcf\x8a\xa2\xc0\xed\xf6\xe0\x85\
\x17\x5f\x44\xfd\xb6\xfa\x84\x96\x56\xf1\x7a\xbd\x78\xf5\x95\xff\
\x80\xcb\xe9\x9c\x08\x87\x93\x9e\x39\x26\x5a\xd2\xa6\x0b\xb7\xaa\
\xf4\xf7\x3f\xcc\xcb\xcb\xc3\xfd\x9f\x7d\x00\xc5\x45\xc5\xf3\x6e\
\x9f\xae\xae\x58\x05\x9b\xed\xc6\x01\x3f\x52\x4a\xff\x7e\x0d\xdd\
\xa7\x33\x3d\x00\x08\x01\xb7\xc7\x83\x8b\x17\x2f\xe2\xcc\xa9\x53\
\xd8\x38\x0b\x2d\xbb\x44\x11\x5d\x37\xb8\x09\x88\x88\x12\x2f\x33\
\x33\x03\x7f\xfd\xd7\xff\x37\x5e\x79\xf5\x25\x6c\xad\xdf\x02\xa1\
\xa8\x30\xa6\x0b\x0e\x09\x7a\x58\xd2\x75\x0d\x17\x2f\x34\xa1\xb3\
\xb3\x33\xa1\x9f\xe5\xf5\x79\xf1\xde\x6f\x7f\x0b\xaf\xcf\x37\x73\
\xfd\xc3\xd0\x70\x68\x4c\x2e\xb8\xac\x0b\xc0\x10\x40\x8a\x2d\x05\
\xe5\xe5\x2b\x61\x4d\xb2\xce\xcb\xfd\x69\xb1\x58\x26\x1e\x44\xa7\
\x7e\xb7\xa9\xe5\x7c\xa6\xab\x87\x18\x68\x69\x3c\x7b\xa6\x11\x87\
\x0f\x1f\xe1\x09\x42\xf3\x0e\x5b\x10\x89\x88\x66\x49\xb0\x4c\x4a\
\x61\xe1\x32\xfc\xfc\xe7\xff\x8e\x5f\xfe\xe2\x39\x38\x9d\x4e\x98\
\x4c\xa6\x59\x29\x83\xa3\xeb\x3a\x1a\xcf\x36\xe2\xb6\xdb\x6e\x4b\
\xc8\xc0\x0f\x29\x25\xba\xbb\xaf\xc3\xe3\xf3\x85\xdf\xdf\x72\x9a\
\xf9\x95\x55\x55\x45\x52\x72\x12\xcc\x81\xf2\x2f\x61\x0d\x06\x99\
\x45\xaa\xaa\x62\xcf\x9e\x07\xd0\xda\xda\x86\xb6\xb6\xb6\xa8\xfa\
\x96\x06\x03\xe2\xf0\xc8\x30\x7a\xfa\x7a\x78\x72\x10\x03\x22\x11\
\xd1\x52\x0f\x89\xab\x56\xad\xc6\x1f\xfe\xe1\x7f\x82\x10\x02\xcf\
\xff\xf2\x79\x38\xec\x0e\x98\xcc\xa6\x84\xb7\x26\x4a\x29\xf1\xfa\
\xeb\x6f\xe0\xae\xbb\xee\xc2\x96\xad\x5b\xe2\xbe\x7c\xaf\xd7\x8b\
\xf3\xe7\xcf\x41\x18\x46\x4c\xeb\xa8\xaa\x2a\x74\x9f\x86\x03\x07\
\x0e\xe2\xfc\xf9\xf3\xf0\x78\x3c\xf3\x69\x07\xc2\x62\x36\xa3\xe9\
\xd2\xa5\xf1\x3a\x8f\xd1\x0e\x3c\x92\x52\x42\xd3\x34\x38\x9d\x4e\
\x9e\x18\xc4\x80\x48\x44\x44\x40\x59\x59\x19\xbe\xfe\xf5\xaf\x41\
\x40\xe0\xf9\xe7\x9e\xc7\xd0\xd0\x10\xcc\x81\xd7\x96\x89\x0a\xa6\
\x00\xd0\xd2\xdc\x82\xde\xde\xde\x84\x7c\xc6\xc8\xc8\x08\x9e\x7b\
\xee\x79\x18\x32\xfc\x32\x52\xe3\xfd\x31\x83\x85\xc5\x03\xff\x7f\
\xad\xbd\x1d\x3f\xfb\xe9\xcf\xa0\x9a\x54\x18\xc6\xfc\x99\xf7\x57\
\x08\x01\x45\x51\xe1\x72\xb9\x30\x34\x34\x14\xf3\xf2\x34\x4d\x43\
\xfb\xb5\x76\x9c\x3e\x7d\x06\x1b\x36\xd4\xf2\xc4\x20\x06\x44\x22\
\xa2\xa5\x6e\xf9\xf2\xe5\xf8\xda\xd7\xff\x00\x42\x01\x5e\x7c\xe1\
\x25\xf4\xf7\x0f\x4c\x9a\x55\x43\xc4\x79\x06\x16\x29\x25\x7c\xba\
\x8e\xc1\xc1\xa1\x84\x7c\x9f\x91\x91\x11\x1c\x39\xd2\x10\x08\x7b\
\x32\xda\x95\x84\xa1\xeb\x70\x38\x1c\x18\xb2\xdb\xe7\xe9\x64\x47\
\x32\x10\x14\x95\xf1\xaf\x2a\x63\x18\x8d\x7e\xf6\xcc\x59\xbc\xf7\
\xee\x7b\x0c\x88\xc4\x80\x48\x44\x44\xc1\x90\xb8\x02\xbf\xff\xfb\
\xbf\x8f\x81\xfe\x01\xbc\xfa\xea\x6b\x93\x6b\x07\x26\x82\x10\xb8\
\xda\xdc\x8c\xbe\xbe\x7e\xe4\xe5\xe5\xc6\x6d\xb1\x9a\xa6\xe1\xda\
\xb5\x76\x78\x3d\x5e\x98\x54\x35\xa2\xd0\x0a\x21\x6e\x98\x61\x45\
\x08\x01\x55\xcc\xef\x32\x54\x13\x93\x29\xca\x28\x77\x85\x7f\x09\
\x83\x43\x43\x68\x6a\x6a\xe2\xc9\x40\xf3\x0a\x47\x31\x13\x11\xcd\
\xb1\xe2\xe2\x62\x3c\xf8\xd0\x83\xa8\xac\xaa\x80\xa6\xe9\xa1\xe9\
\x29\x24\x88\xc4\x23\xd0\xf8\xe7\xd2\xbe\xdc\x74\x09\x3d\xd7\xaf\
\xc7\xf5\x3b\xd8\xed\x0e\x7c\xfa\xc9\xa7\x93\xa7\x17\x8c\x30\xb8\
\x06\x67\x5a\x11\xf3\x3c\x18\x4e\x2d\x82\x2d\x03\xff\x1e\x4d\xeb\
\x61\xb0\xe5\xd1\xeb\xf5\xc2\xed\xf6\xf0\x64\x20\x06\x44\x22\x22\
\xf2\xb3\x58\x2c\xb8\xfd\xf6\xdb\xf1\xe5\x27\xbf\x0c\x4b\x48\xf1\
\x71\x11\xd2\x2f\x2f\x2e\x91\x49\xf8\xc3\xe6\xd5\xab\x57\xe2\xde\
\x0f\x71\x70\x60\x00\xef\xbd\xfb\x6e\xe4\xa3\x79\x43\x82\x52\xb0\
\x2c\xbb\x98\xef\x21\x31\x10\xea\xe2\xf5\xfa\x5f\x08\x81\x81\x81\
\x01\x5c\x38\x7f\x81\x27\x03\x31\x20\x12\x11\xd1\x84\xe4\xe4\x64\
\x6c\xda\xb4\x11\x3b\x76\xdc\x36\x3e\x3a\x36\x58\x3c\xda\x98\x6e\
\x9a\xba\x68\xc3\x88\xaa\xa2\xb5\xed\x1a\x3a\xe2\x58\x0f\xd1\x30\
\x0c\xf4\x0f\x0c\xa0\xf1\xfc\xf9\x88\x83\x9d\x2a\xc5\xa4\x1b\x91\
\x0c\x7e\x5f\x29\xe7\xef\xce\x52\xe2\x7b\xeb\x94\x52\xa2\xb3\xb3\
\x0b\x1f\x7f\x7c\x88\x27\x02\x31\x20\x12\x11\x51\x48\x50\x52\x55\
\x54\xaf\xab\xc6\x23\x8f\x3c\x32\x35\x7d\xc5\xfd\xb3\x0c\xc3\x80\
\xa6\x69\x71\x5b\x9e\xcf\xe7\x43\x6f\x4f\x4f\x54\xa3\x8d\x35\x21\
\x61\x2c\xe1\xfd\x1e\x6c\x2d\xed\xed\xed\xc5\xa1\x43\x1f\xf3\x44\
\x20\x06\x44\x22\x22\x9a\xcc\x6a\xb5\xa2\xb2\xaa\x12\x55\x55\x95\
\x13\x61\x4b\x89\xff\x65\x5a\x4a\x09\xaf\xc7\x03\x29\x8d\xb8\x2c\
\xab\xb7\xb7\x17\x9f\x1e\x69\x98\xb8\xb1\x08\xce\x71\x1e\x71\x68\
\xd7\x75\x8c\x0e\x8f\x60\x6c\x6c\x8c\x1b\x83\x18\x10\x89\x88\x12\
\x6d\x5e\xbf\xaa\x9c\x42\x55\x55\xac\x5a\xb5\x1a\x8f\x3f\xf6\x18\
\x8c\x04\xcf\x1e\x22\x14\x05\xf1\x18\xfe\x22\xa5\x44\x5b\xdb\x35\
\xec\x7b\x6b\x1f\x94\x40\x98\x35\x16\xd0\x36\x9f\x37\x84\x80\x6b\
\xcc\x85\x8b\x17\xd9\x0f\x91\xe6\x07\x96\xb9\x21\xa2\x39\x31\x38\
\x38\x88\xd7\x5f\x7b\x1d\x07\x0f\x1e\x82\xcf\xe7\x83\xa2\xaa\x71\
\x09\x73\x42\x08\x18\xba\x0e\x01\x60\xfb\x8e\xed\xf8\xc6\x9f\x7c\
\x63\x41\x6d\x97\xac\xac\x4c\xd4\x6e\xa8\xf5\x17\x8f\x4e\x60\x68\
\x76\x38\x86\xe1\x72\xb9\x60\xb3\xd9\x62\x5a\x96\x61\x18\x18\x18\
\x18\x40\xff\x40\xff\x78\x40\xa4\xe8\x8e\xdb\x9e\x9e\x5e\x7c\xf8\
\xc1\x47\xd8\xb8\x71\x13\x37\x08\x31\x20\x12\xd1\xd2\xe4\x76\xbb\
\xd1\xd8\x78\x0e\xfb\xf7\x7f\x04\xb7\xdb\x1d\xd7\x70\x11\x9c\x1b\
\xd7\x62\xb5\x2e\xb8\xed\xa2\xaa\x2a\x72\x73\x73\x91\x91\x95\x09\
\xa7\xd3\x95\x90\xd1\xbc\x52\x4a\x0c\x0f\x0f\xc3\xe5\x1a\x8b\x39\
\x20\x8e\x8e\x3a\x71\xad\xed\x1a\xbc\x1e\x2f\x2c\x66\x73\xc2\xa7\
\x0b\x5c\xcc\xec\x0e\x07\x3e\x39\x7c\x18\x7f\x26\xff\x74\xfe\x97\
\xfa\xa1\x45\x8f\x8f\x7b\x44\x34\x67\x82\x33\x85\x48\x29\x61\x18\
\x46\xdc\xfe\x04\x97\xa9\x44\x50\xb0\x79\x3e\xc9\xc8\xc8\xc0\xc6\
\x8d\x75\x09\xfd\x0c\x5d\xd3\xa0\xeb\xb1\x0d\x54\xd1\x75\x1d\x1d\
\xed\xed\x38\x7d\xea\x14\x0f\xe6\x38\xd0\x34\x0d\xbd\x3d\xbd\xb0\
\x0f\xd9\xb9\x31\x88\x01\x91\x88\x96\x6e\x38\x14\x8a\x88\x7b\x8b\
\x53\x68\x1d\xbd\x85\x3a\x58\x22\x3d\x23\x1d\x5b\xb7\x6c\x4d\x6c\
\xff\xc9\x38\x6c\x1b\x4d\xd3\x70\xf5\xea\x55\x1c\x3e\xfc\x29\x54\
\x93\x89\xad\x87\x91\x92\x72\xa2\xe8\x76\x80\xc7\xed\x46\x73\x73\
\xf3\x82\xea\x3b\x4b\x0c\x88\x44\x44\x0b\xe7\xc6\x8b\x79\x3a\x8d\
\x6f\x18\x52\x52\x52\xb0\xba\xb2\x62\xde\xaf\xa7\xae\xeb\xb8\x76\
\xad\x1d\x7d\xfd\xfd\x50\x63\xec\x22\x10\x6c\xf9\x5d\xb2\x0f\x4c\
\x81\x07\x9b\xe1\xe1\x11\x1c\x3c\x70\x10\x5e\xaf\x97\xe7\x31\xcd\
\x29\xf6\x41\x24\xa2\x39\xca\x70\xd2\x3f\x52\x37\xce\xa1\x40\xc6\
\x79\x7a\xba\xb9\x60\xb1\x58\x90\x97\x97\x37\xef\xd7\xd3\xe1\x18\
\x46\x57\x77\x37\x34\x4d\x83\x3a\xf5\x75\x7e\x60\x8e\xe5\x70\xf7\
\xd9\xb2\x65\xcb\x90\x9d\x9d\x3d\xd1\xed\x60\x01\xc5\x7b\x8b\xd9\
\x8c\xc1\xc1\x41\xf4\xf4\xf4\x46\x56\x5f\x32\x74\xfb\x04\x66\xcb\
\x19\x19\x1d\xc1\xfe\xfd\x1f\xe1\xab\x5f\xff\x2a\xac\x0b\xb0\x0f\
\x2d\x31\x20\x12\x11\xc5\x44\x08\x01\x93\xd9\x1c\xf7\x80\xb8\x18\
\xa8\xaa\x8a\xf4\xf4\xf4\x84\x0d\x54\x98\x98\xca\x2e\xfa\xe5\xfb\
\x7c\x3e\x5c\xb9\x72\x05\xe7\xcf\x9d\x9f\x7e\x80\x51\x04\x01\xd1\
\x30\x0c\x7c\xfd\xeb\x5f\xc3\x1d\x77\xdc\x0e\x55\x55\x17\x5c\xcb\
\xaf\xd5\x6a\xc5\x27\x1f\x7f\x82\x7f\xfd\xe1\x0f\xd1\xd1\xde\x11\
\xd3\x83\x8d\xa6\x69\xe8\xee\xee\xc6\xc8\xc8\x08\x32\x32\x32\x78\
\x32\x10\x03\x22\x11\x2d\x2d\x69\x69\x69\x58\xbd\xba\x02\x66\xab\
\x05\x63\x6e\x77\xdc\xc2\xd0\x62\x19\xfd\xa9\xaa\xca\xe4\xb0\xe5\
\xff\x72\xf1\xd9\x46\x40\xcc\xef\xdf\x5d\x2e\x17\x8e\x1c\x39\x82\
\xd3\xa7\x4f\xc3\x64\x32\x4d\xb7\x23\xc2\x0e\x46\xa9\x36\x1b\xd6\
\xac\xa9\xc2\xc6\x4d\x1b\x17\xec\xfe\x32\x9b\x4d\x38\x76\xec\x28\
\xfa\x7a\x7b\x31\x36\x16\xfd\xa8\x7c\x29\x25\x3c\x3e\x2f\x5a\x5b\
\x5b\x51\x5c\x5c\x04\x21\xd8\x13\x8c\xe6\x06\x8f\x3c\x22\x9a\x13\
\x56\x6b\x12\xf2\x0b\xf2\x61\x36\x99\xe3\xba\x5c\x29\x04\x64\x20\
\x28\x2e\xe4\x19\x3d\x6e\xe8\x8f\x17\xc7\xef\xe2\x1f\xe5\x1d\x5b\
\x9f\x3f\x5d\x37\xd0\xdd\xd5\x8d\xd1\xd1\xd1\xe9\x43\x79\x98\xeb\
\xab\xeb\x3a\x36\xd4\xd6\x22\x2f\x2f\x2f\xaa\xa9\xfa\xe6\x8b\xc2\
\x65\x85\xd8\xbc\x65\x0b\xb2\xb2\x32\x63\xda\xae\x42\x08\x38\x47\
\x9c\xf8\xf0\xc3\x0f\x61\xb7\x3b\x78\xa1\x20\x06\x44\x22\x5a\x5a\
\x84\x48\xd0\x94\x6c\x86\x01\x48\x09\x69\xc8\x84\x16\x9b\x9e\xf5\
\x8d\x15\xd7\xe5\x29\xc8\xc9\xcd\x41\x46\x46\x7a\xd4\x8b\xb0\xdb\
\x87\xe0\x18\x1e\x8e\x79\x60\x89\x94\x12\x77\xef\xba\x1b\x2b\x56\
\x2c\x5f\xd0\x85\xb6\x53\x6c\x29\x58\xb1\x62\x05\x6c\xb6\xd4\x18\
\x77\xb5\x80\xcb\xe5\xc2\x87\x1f\xee\xc7\xd0\xd0\x10\x2f\x14\xc4\
\x80\x48\x44\x4b\x2e\x22\x42\x55\xd4\xc4\xbc\x12\x0e\x0c\x72\xd0\
\x17\x4b\x40\x8c\xfb\x96\x97\x48\xb5\xa5\x22\x39\x39\x39\xaa\xdf\
\x77\xb9\x5c\x38\xda\x70\x14\x17\xce\x4f\xd3\xff\x30\x50\xa4\x3c\
\x12\xab\x56\xaf\x46\xfa\x22\xe8\x6f\x97\x99\x99\x89\x94\x64\xdb\
\x8d\x03\x76\x22\xa4\x1b\x3a\xfa\x7a\xfb\x31\x3c\x3c\xc2\x83\x95\
\x18\x10\x89\x68\x69\x31\x99\x54\xe4\xe4\x64\x43\x51\x95\xb8\x87\
\x44\x19\x58\x9e\xc7\xeb\x85\xc7\xe3\x59\xb0\x31\x2e\xb1\xa2\x6f\
\xf9\x73\x39\x5d\x38\x7e\xfc\x04\x3a\x3b\x3a\x63\x0e\x43\x36\x9b\
\x0d\x59\x99\x99\x8b\x62\x9a\xbe\xdc\x9c\x1c\x54\xad\xa9\x44\x52\
\x52\x52\x78\xaf\xcb\x67\x68\x7d\x0d\x16\x8e\x1f\xe8\x1f\xe0\x85\
\x82\x18\x10\x89\x68\xe9\xb1\xa5\xa6\x42\x55\xe2\x3c\xdb\x49\x20\
\x1c\x4a\xc3\x3f\x9d\xdc\xb5\x6b\xed\x0b\x72\xdb\x48\x99\xb8\xd6\
\x4f\x21\x14\x98\xcc\xe6\xa8\x83\xb9\xc7\xeb\x45\x4f\x4f\x0f\x5c\
\xae\xb1\x1b\x97\x21\x44\xd8\xaf\xf6\x0d\xc3\xc0\xd6\xad\x5b\x91\
\x9f\x9f\xbf\x28\x06\x17\xe5\xe5\xe7\x61\xdb\x6d\xf5\xc8\xc9\xc9\
\x89\xa9\x3f\xa5\x10\x02\x6e\xb7\x1b\x9f\x7e\xfa\x29\xfa\x7a\xfb\
\x78\xa1\x20\x06\x44\x22\x5a\x5a\x4c\x26\x53\x42\x83\xc1\xe0\xc0\
\x20\x1a\x1b\x1b\x17\xdc\x76\xd1\x0d\x1d\x4e\xa7\x33\x61\xcb\x57\
\x4d\xaa\x7f\xde\xe4\x28\xf5\xf7\xf7\xc1\x6e\xb7\xcf\x1c\x82\xc2\
\xec\x97\x28\xa5\xc4\x9e\x3d\x0f\xa0\xa0\xa0\x60\x51\x1c\xcf\x29\
\x29\x29\xa8\xac\xac\x44\x66\x66\x98\xaf\xcb\x67\x38\xf6\x83\x01\
\xf1\xc3\xfd\x1f\xa2\xa3\xb3\x93\x17\x0a\x9a\x9b\xeb\x33\x37\x01\
\x2d\x5a\x52\x42\x1b\x73\xc3\xeb\x18\x81\x3e\xe6\x81\x50\x95\x29\
\x1d\xea\x0d\x04\xe6\x2f\xe0\xb6\x8a\x82\x10\xc2\xdf\xdf\x0c\x02\
\x4a\xb2\x15\xe6\x8c\x54\xa8\x56\x6b\x44\x81\x2f\x39\x39\x19\x56\
\xab\x05\x4a\x60\xe4\x71\x5c\xd7\x0d\x40\x5f\x5f\x1f\x4e\x1c\x3f\
\x81\xbd\x7b\x1f\x5d\x50\xdb\xd6\x3d\xe6\x46\x6b\x6b\x6b\x42\x8e\
\x4c\x29\x25\xd2\x52\x53\x91\x91\x1e\x5d\x9f\x3f\x87\xc3\x81\xc3\
\x87\x3f\xc5\xb5\x6b\xd7\xfc\x53\x25\x4e\xdb\xf4\xa0\x84\xbd\x2e\
\x6b\xd6\x54\x21\x35\x2d\x75\xd1\x9c\x17\xb9\x39\xb9\x48\x4d\xb5\
\x41\x51\xc4\x2d\xaf\x4f\x37\x1b\x7c\x64\x18\x06\x3a\x3b\xba\x30\
\x38\xc0\xd7\xcc\xc4\x80\x48\x14\x57\xba\xd7\x87\x91\xd6\x76\xf4\
\x36\x1c\xc7\x48\x73\x2b\x54\xab\x65\x52\x40\x94\x30\x20\xd8\x88\
\x1e\x73\x40\x84\x94\x48\xaf\x5c\x8d\xfc\x6d\x9b\x91\x5a\x56\x12\
\xd1\x88\xdb\x94\x94\x64\x14\x15\x15\xa1\xb3\xbd\x03\x3e\x5d\x8f\
\x7b\x6b\xa2\xc3\xe1\x40\xd3\xa5\x4b\x0b\x6e\xdb\xda\xed\x76\x7c\
\xf8\xc1\x7e\x7f\xb9\x9e\x04\x04\xc4\xb5\xd5\x6b\x51\x5c\x52\x1c\
\xdd\x36\xb5\x3b\xf0\xd1\xfe\x8f\xd0\xd7\xd7\x17\x73\xff\x43\x8b\
\xd9\x8c\xac\xec\xac\x45\x53\xbb\x12\xf0\x8f\x66\xce\xcb\xcf\x83\
\xd5\x62\x81\xd7\xeb\x83\xb8\x59\x58\xbe\x49\x48\x94\x52\xc2\xe7\
\xf3\xa1\xaf\xaf\x0f\x48\xc8\x91\x40\xc4\x80\x48\x4b\x94\xe1\xf5\
\x62\xf8\x6a\x2b\xda\xf6\xbd\x8d\xde\x13\x47\x60\x4a\x4e\xf1\x97\
\x40\x19\x0f\x88\x80\x7f\x72\x2b\xce\xe4\x11\x5d\x42\x54\x00\x69\
\x00\x42\xa0\x70\xdb\x4e\xa4\x16\x17\x21\xb5\x34\xb2\xd0\x91\x94\
\x94\x84\xf5\x35\xeb\x71\xe6\xf4\x19\xf8\x12\xf0\x4a\xd5\x30\x0c\
\x0c\x3b\x1c\x70\xb9\x5c\x48\x49\x49\x59\x30\x9b\xb6\xbf\xaf\x1f\
\x1f\x7c\xf0\x41\xfc\xcb\xdb\x04\x54\x57\x57\xa3\xa8\xa8\x28\xaa\
\xdf\x1d\x1d\x1d\x45\x77\xf7\x75\x78\x3c\xde\xe9\x0b\x64\x87\x7f\
\x00\x61\xc3\x86\x5a\xa4\xa7\xa7\x2f\xaa\xd3\x22\x35\x35\x15\x9b\
\x36\x6d\x42\xc3\x91\xa3\xe8\xee\xba\x8e\x60\xbd\x73\x11\x72\xdd\
\x09\x79\xca\xba\xe9\xb2\x7c\x3e\x1f\xce\x9e\x39\x8b\x3b\xee\xbc\
\x03\xc5\xc5\xc5\xbc\xe6\x10\x03\x22\x51\x7c\xd2\x01\xa0\x8d\x3a\
\xe1\xba\xde\x05\x67\x6f\x17\x54\x93\x39\xe4\xea\xcc\x27\xf2\x58\
\xc9\x90\x7f\x66\x5c\x2f\x87\xe6\x1c\xf3\x37\x88\x44\x14\x10\x93\
\xb1\x69\xd3\x26\xbc\xf6\x1f\xaf\x63\x64\xa6\x82\xcb\xb1\x44\x10\
\x21\x60\xb7\xdb\xb1\x7f\xff\x7e\xec\xd9\xb3\x67\x41\x6c\x57\x9f\
\xcf\x87\xce\xae\x2e\x38\xec\xc3\x30\x5b\xe2\x5c\x44\x3c\xd0\x82\
\x5e\x5a\x5a\x8a\xac\xec\xac\x88\x7f\xdf\xe3\xf5\xa0\xa5\xb5\x15\
\x1e\x8f\x3b\x92\x0f\xbd\x21\x08\x49\x29\xa1\xaa\x0a\xf6\xee\xdd\
\x1b\xf5\xab\xee\xf9\x1c\x10\xb7\x6f\xdf\x8e\x7d\x6f\xbd\x8d\xae\
\xce\xee\x29\xe7\x4b\xf8\xe1\x10\x00\x7c\x5e\x2f\x8e\x7c\x7a\x04\
\xbb\xef\xbb\x97\x01\x91\x18\x10\x89\xe2\x98\x0e\xa0\x9a\x4c\x30\
\x59\x93\xa0\xaa\x66\x08\x95\x87\x7b\x5c\x37\x6f\xe0\xb6\x27\x84\
\x0a\x35\x39\x09\x22\x8a\xd7\x8d\x16\x8b\x19\xb5\xb5\x35\x51\xd7\
\xe3\x0b\x27\x20\x76\x75\x75\xe3\xa5\x97\x5e\x59\x30\x01\xb1\xaf\
\xaf\x0f\x9f\x1e\x3e\x3c\x73\xff\xbe\x38\xc8\xc9\xcd\x89\x6a\x9b\
\x0f\x0d\x0e\xe1\xd0\xa1\x43\xe8\xeb\xeb\x8f\x2c\xcc\x87\x84\xc4\
\xd0\x36\xfb\xfa\xdb\xea\x61\x4b\xb5\x2d\xba\x73\xa3\xac\xb4\x0c\
\x59\x19\x99\x31\x3d\xf0\x88\x40\xbf\xdc\xb6\x6b\xd7\xd0\xd1\xd9\
\xc5\x0b\x0e\xcd\x3a\x76\xc0\xa2\x45\x9d\x60\x82\xad\x5c\x72\x52\
\x7b\x17\xc5\x4d\x1c\x36\x68\x4e\x4e\x4e\xc2\x46\x33\x0b\x00\x5e\
\xaf\x17\xa7\x4e\x9e\x42\x5b\xdb\xb5\xf9\xbf\x39\xa5\x44\x6b\x4b\
\x2b\xde\x78\xe3\xcd\x84\xd4\x05\x14\x42\xc0\x62\x36\x23\x23\xca\
\xa2\xd4\x76\xbb\x03\xc7\x8f\x1e\xc7\xd8\xd8\x58\xf8\xeb\x17\xdc\
\xaf\x52\xfa\x1f\x2a\x84\x80\x22\x14\xd8\x52\x52\x90\x9f\x97\xbf\
\xa8\xfa\x1f\x06\x59\x93\xac\xc8\xcc\xc9\x86\x35\xc9\x3a\xe3\x4c\
\x33\xe1\x7c\x6f\x29\x25\x7c\xba\x06\x87\x83\x53\xee\x11\x03\x22\
\xd1\x2c\x64\x19\xc9\x97\xcb\x71\x8f\x61\xd1\x6f\x51\xb3\xd9\x8c\
\xbc\xfc\x5c\xa8\x26\x35\xfe\x6b\x16\x98\x8f\x79\x74\x74\x14\x3f\
\xfb\xe9\xcf\xe0\xf3\xf9\xe6\xf5\x96\x1c\x1c\x1c\xc4\x91\x86\xa3\
\x68\x6f\xef\x48\x4c\xe1\x68\x21\x50\x5e\x5e\x8e\xbc\xbc\xdc\xa8\
\x7e\x7d\x64\x64\x04\xdd\x3d\xd7\xe1\xf3\xf9\x22\x0b\x76\x42\xf8\
\xeb\x23\x02\x30\xa4\x01\x45\x55\xb0\xb1\x6e\xe3\x82\xea\x17\x1a\
\xe9\x31\xbd\x7e\xdd\x3a\x64\x67\x67\xcd\x58\x0a\x28\xdc\x29\x0a\
\x75\x4d\x47\xfb\xb5\x76\xf4\xf4\xf4\xf2\x52\x43\x0c\x88\x44\x89\
\x8a\x30\xc1\x97\x5c\x6c\x49\x8c\x77\xf8\x8e\x7e\x8b\x5a\x2c\x16\
\xec\xd9\xf3\x20\xb2\xb3\xb2\x63\x9e\xd7\x77\x2a\x43\xfa\xd7\x6c\
\x74\x74\x14\x2f\xbc\xf0\x22\xda\x5a\xdb\xe2\xfe\x19\xf1\xa2\xeb\
\x3a\x8e\x1d\x3d\x86\x5f\x3d\xff\x7c\x8c\x83\x3f\x30\x63\x20\x11\
\x00\x76\xdf\xbf\x1b\xcb\x97\x2f\x8f\xf8\xf7\xdd\x6e\x0f\x5a\x5a\
\x5a\x60\x68\x7a\x24\x1f\x3a\xed\x93\x5a\x72\x72\x32\x3e\xf7\xc8\
\x43\x48\x4a\x4e\x5a\x94\xe7\x83\xc5\x62\x41\xfd\xb6\x7a\xac\x2c\
\x2f\x8f\xf9\x78\xd3\x34\x0d\x47\x8f\x1e\x43\x43\x43\x03\x2f\x34\
\xc4\x80\x48\x94\xe8\xb0\x48\xf1\x8d\x87\xb1\x30\x99\x4c\xf8\xdc\
\xe7\x1e\x42\x66\x56\x66\x42\xc3\x9b\xdb\xed\xc6\xcf\x7f\xf6\x73\
\x8c\x8c\xcc\xcf\xf9\x6d\x3b\x3b\x3b\xf1\xde\x6f\x7f\x8b\xab\x57\
\x9b\x63\x2e\x1f\x33\x63\x60\x36\x0c\xd4\xd6\xd6\x20\x37\x37\xf2\
\x16\xc4\xee\xae\x2e\xbc\xf7\xee\xbb\x91\x0d\x26\x0a\x84\xd2\xa9\
\x3f\x6f\x36\x9b\xb0\x69\xf3\x26\x58\x2c\x96\x45\x7b\x56\xac\x5c\
\xb9\x02\x39\x39\x39\xfe\x6b\x8e\x10\x51\x5d\x77\x82\xdb\xed\xf2\
\xe5\x2b\x38\x73\xfa\x0c\x2f\x35\xc4\x80\x48\x94\xc8\xdc\xc2\xd6\
\xc3\x38\x87\x8e\x38\x2c\xa3\xb0\x70\x19\xd2\xd3\xd2\x13\x36\x1f\
\xaf\x10\x02\x6e\x8f\x07\x2f\xbc\xf8\x12\x8e\x36\x1c\x9d\x77\xad\
\x88\xbd\xbd\xbd\x78\xfe\xf9\xe7\xf1\xea\xab\xaf\x4e\x6a\x3d\x54\
\xe2\xd8\x3f\x4f\x08\x81\xb4\xf4\x34\xe4\xe5\xe5\x47\xf5\xfb\x3d\
\xbd\x3d\xd8\xbf\xff\x00\x7c\x3e\x5f\xf8\xfb\x49\x51\x20\x31\xf9\
\x75\xaa\x10\x02\x56\x6b\x12\x4a\x4a\x4a\x16\x65\xff\xc3\xa0\x8c\
\x8c\x0c\x64\x67\x65\xc1\x64\x32\x41\xca\xe8\xdb\xd8\xa5\x94\x30\
\x74\x0d\x63\x63\x63\xbc\xd8\x10\x03\x22\x51\x7c\xee\x88\xdc\x04\
\x0b\xe5\x22\x22\x84\xc0\x1d\x77\xdc\x8e\x9c\xec\xec\x38\x3c\x18\
\xc8\x49\xaf\x36\x95\x90\x41\x12\xa3\xa3\xa3\xf8\xbb\xef\xfd\x4f\
\x1c\xfe\xe4\x30\x34\x4d\x9b\x17\xdb\xaf\xbf\xbf\x1f\x6f\xfd\x7a\
\x1f\x5e\x7d\xf9\x3f\xe0\x72\x4e\x1e\xfc\x21\xa5\x9c\x54\xbb\x33\
\xac\xfd\x31\x4d\xe8\x32\x74\x1d\x26\x55\xc5\xe3\x7b\xf7\x62\xf9\
\xf2\xb2\xa8\xd6\x73\x74\xd4\x09\x9f\xcf\x17\x75\xb8\x16\x00\x84\
\x94\x30\x9b\xcd\xa8\xa9\x59\x9f\xb0\x87\x81\x79\x73\xf9\x11\x02\
\xeb\xd7\x55\x63\x59\x41\x41\x6c\x0f\x24\x52\xc2\x30\x0c\xf4\xf5\
\xf5\xa1\xa3\xbd\x83\x17\x1c\x62\x40\x24\xa2\xa5\xe5\xf1\xc7\x1f\
\x43\x71\x49\xc9\xb4\x9d\xfa\x83\xaf\x29\xc3\xca\xfc\x81\x01\x11\
\xc1\x9b\x6b\xf0\xe6\x2c\x84\x80\x10\x02\x17\x2e\x5e\xc0\x77\xbf\
\xfb\x5d\x1c\x3e\x7c\x78\xce\x07\xad\xf4\xf7\xf5\xe3\xcd\xd7\xdf\
\xc4\x4f\x7e\xfc\x13\x74\x76\x75\xdd\x10\x9a\x64\xf0\xfb\x44\x94\
\x27\x6e\x0c\x23\x12\xfe\x79\x82\x77\xed\xbe\x37\xaa\x02\xd9\x0e\
\x87\x03\x8d\x8d\x67\xfd\x7d\x3a\x23\xcd\x3a\x81\xc0\x2e\x01\xe8\
\x52\x22\x33\x33\x13\xbb\x77\xdf\xbb\xa8\x5f\x2f\x07\x6d\xda\xb4\
\x09\x15\x95\x15\x93\x8f\xe9\x29\x0f\x30\xe1\x1c\xcf\x86\x94\xb8\
\x72\xe9\x32\x4e\x1c\x3f\xc1\x0b\x05\x31\x20\x12\xd1\xd2\x52\x51\
\x59\x81\xac\xac\xac\x69\x5b\x96\x64\x30\xec\x45\xb1\xdc\xa9\xbf\
\x63\x18\x06\x4e\x9f\x3e\x83\xbf\xff\xfe\xdf\xe3\xd0\xc1\x43\x70\
\xbb\xdd\x73\xf2\x7d\x7b\x7b\x7b\xf1\xe6\x1b\x6f\xe2\x27\x3f\xf9\
\x29\x5a\x5a\x5b\xa1\x05\xa7\x1a\x9c\x1a\x1e\x22\xac\x37\x38\xdd\
\xf7\x35\x9b\xcd\x28\x5f\xb5\x12\x65\x65\xa5\x51\xad\x6b\x67\x67\
\x07\x0e\x1e\x38\x00\xa9\xeb\xb1\x4d\xee\x22\x25\xd2\xd2\xd2\x50\
\xbf\x6d\x1b\xcc\x66\xf3\xa2\x3f\xa6\xcb\x57\xad\x46\x49\xf1\x34\
\xaf\xd2\x23\xd8\x88\xc1\xc1\x75\xcd\xad\xad\x68\x38\xca\x81\x2a\
\xc4\x80\x48\x44\x4b\xd0\xae\x5d\xf7\xa0\xb0\xb0\xd0\xdf\x67\x2b\
\x38\xc0\x61\x86\xa0\x17\x4e\x18\x99\xee\x46\x2c\x84\x80\xae\x1b\
\x38\x76\xfc\x24\xbe\xf7\xbd\xbf\xc3\x9b\x6f\xfe\x1a\x4e\xa7\x73\
\x56\x5e\x39\x1b\x86\x01\xc3\x30\xd0\xd6\xda\x86\x9f\xfe\xf8\xa7\
\xf8\xd7\x7f\xfd\x21\x5a\xdb\xda\xa0\x69\x1a\xd4\xe9\x5e\xb9\xc6\
\xa1\xaf\xa4\x94\x12\x59\x59\x99\x78\xfc\xf3\x8f\x47\x3d\xbd\x5e\
\x4f\x4f\x2f\x4e\x1c\x3f\x05\xc3\x30\x22\xef\x37\x18\xda\xa2\x0b\
\xff\x08\xdf\xd2\xd2\xc5\xdd\xff\x30\xc8\x96\x9a\x82\xd4\xf4\xb4\
\xc9\x2d\xdf\x51\x7e\x6f\xb7\xdb\x83\x4e\x16\xcc\xa6\x59\xc4\xa9\
\x25\x88\x68\xde\x78\xfa\xe9\xa7\xf0\xf1\xc7\x1f\xa3\xab\x2b\xc6\
\x1b\x61\xe8\xa0\x88\x29\xe1\x32\x58\xac\xd9\x90\x3a\x4e\x9d\x3a\
\x8d\xff\xf1\xdf\xff\x06\x5d\x9d\x5d\xd8\xb2\x75\x33\xea\xeb\xeb\
\xa1\xaa\x2a\x14\x45\x89\x6b\x80\x09\x06\xab\xfe\xfe\x7e\x9c\x3e\
\x7d\x1a\x6f\xef\x7b\x07\x6f\xbc\xf6\x06\x46\x5d\x4e\x08\x21\x26\
\x8f\x5a\x9e\x66\xc6\x91\x48\xc2\xd8\xd4\xdf\x33\x99\x4c\x58\xbd\
\x7a\x35\xee\xdb\x7d\x1f\xd2\xd2\xd2\xa2\x5a\xff\xde\xde\x3e\xb8\
\x5c\x2e\x7f\xeb\x6e\xb4\xdb\x45\x4a\x58\xad\x56\xac\x2c\x5f\xb9\
\xa4\x8e\xe9\xa2\xc2\x42\xa4\xd8\x6c\xd1\x0f\x32\x09\x6c\x6f\x29\
\x0d\xb8\x9c\x2e\x74\x74\x74\xa2\xa4\x84\xd3\xee\x11\x03\x22\x11\
\x2d\x21\xc9\x29\xc9\xd8\xb8\x69\x23\x8e\x1f\x3f\x81\xfe\xfe\x7e\
\x18\x52\x46\x17\xd4\x42\x7e\x47\x08\x31\xd1\x2f\x4f\x4a\x40\x51\
\x20\xa4\x7f\x2e\x6e\xb3\xd9\x8c\xde\xde\x5e\x7c\xff\xfb\xff\x2f\
\xd6\x54\x55\xe1\x0f\xff\xe8\x0f\xb1\x6a\x55\x39\x56\xac\x58\x81\
\x9c\x9c\x5c\xa8\xaa\x32\x69\x39\x91\xe5\x21\xff\x67\x6a\x9a\x86\
\x81\x81\x01\x5c\xbd\xda\x8c\x43\x07\x0f\xe1\xd5\x57\x5f\x45\x4b\
\x4b\x2b\x54\x55\x9d\xbe\xd5\x30\x74\xbd\xa3\xca\x13\x62\xd2\x67\
\x17\x14\xe4\xe3\x9e\x7b\xee\x46\x7a\x46\x7a\x54\xfb\xa4\xa7\xa7\
\x07\xe7\x1a\x1b\x21\x62\x08\x87\x42\x08\x18\x86\x81\x82\x65\xcb\
\xb0\xeb\x9e\xbb\x97\xc4\xeb\xe5\xa0\xba\xba\x0d\xa8\x59\xbf\x1e\
\x47\x02\x75\x0c\xa3\x7d\xf0\x90\x52\xa2\xbb\xab\x0b\x0d\x0d\x0d\
\x28\x29\xd9\xcb\x8b\x05\x31\x20\x12\xd1\xd2\xf2\xd4\x53\x4f\xa1\
\xb9\xb9\x19\xaf\xbd\xf6\x3a\xbc\x1e\x6f\xcc\xcb\x33\x42\x5f\xd3\
\x86\x0c\x5a\x19\xbf\x08\x06\xca\xca\x5c\xb8\x70\x01\x7f\xf6\x9d\
\x3f\x43\x49\x59\x29\x1e\x7f\xfc\x31\xec\xd8\xb1\x1d\xb9\x39\xb9\
\x48\xcf\x48\x47\x7a\x7a\x3a\x52\x92\x53\x60\xb6\x98\xa7\x0d\x8c\
\xa1\xcb\xd4\x75\x1d\x1e\x8f\x07\xc3\xc3\xc3\x18\x1a\x1a\x42\x57\
\x57\x17\x0e\x1e\x3c\x88\xd7\x5f\x7b\x03\xed\xed\x9d\x30\x99\xd4\
\x5b\x17\xc2\x36\x0c\x18\xa1\xe1\xd1\x30\x6e\x78\x55\x7b\xcb\xef\
\x6b\x18\x30\xab\x0a\xea\xeb\xeb\xf1\xc5\x2f\x7d\x11\x99\x99\x99\
\x51\x6d\xbf\xf3\xe7\xce\x63\xdf\xbe\x77\xfc\xdf\x13\xd1\x15\x07\
\x90\x52\xc2\x90\x12\x05\x05\x05\xa8\xdf\xb6\x2d\x21\x85\xc0\xe7\
\xab\xaa\x35\x6b\xb0\x66\xed\xda\xf1\x80\x18\x2d\x45\x51\xd0\xd1\
\xd5\x85\x03\x1f\x1d\xc0\x63\x8f\x31\x20\x12\x03\x22\x11\x2d\x31\
\xb9\xb9\x39\xd8\xb6\x6d\x1b\x8e\x7c\xda\x80\x6b\x6d\x6d\xd1\xb7\
\x22\x4e\x09\x5c\x50\x14\xff\x9f\x19\x08\x45\x81\x00\xd0\xd1\xde\
\x81\xff\xfd\xbf\xfe\x09\xff\xf8\x0f\xff\x88\xe4\xa4\x64\xec\xb8\
\x7d\x07\x3e\x73\xe7\x9d\xa8\xac\xaa\x44\xc1\xb2\x65\x30\x9b\xcd\
\x10\x02\xb0\xd9\x6c\x50\x14\x05\xaa\xaa\x62\x74\x74\x34\x24\x18\
\x8e\xa0\xbd\xbd\x1d\x1f\xfe\xee\x03\xbc\xf7\xdb\xf7\xe1\x18\xb6\
\x43\x55\x54\x08\xa1\xc2\x6a\xbd\x71\xe4\xae\x10\x02\x30\x8c\xc9\
\x23\x96\xa7\xae\x67\x14\x25\x61\x34\xc3\xc0\xda\xea\x35\x78\xe8\
\x73\x0f\x22\x3d\x3d\x3d\xea\x4d\xd7\xde\xd1\x81\xf6\xf6\xf6\x98\
\x8b\x77\x0b\x21\x90\x99\x99\x81\xe5\xcb\xcb\x96\x44\xff\xc3\xa0\
\xac\xac\x4c\x14\x97\x14\xc5\xbc\x1c\x01\xc0\x3d\x36\x86\x2b\x57\
\xae\xf2\x22\x41\x0c\x88\x44\xb4\x34\x3d\xf9\xe4\x93\xe8\xee\xbe\
\x8e\x67\x9f\x79\x16\x76\xbb\x3d\xf6\x40\x11\x41\x6b\x9c\xa2\x28\
\x50\x54\x7f\x69\x11\x9f\xae\x61\xff\xfe\x8f\xb0\x7f\xff\x47\x37\
\xfe\x5c\xb0\x6f\x18\xa6\x94\x96\x09\x96\x34\x09\xf4\x63\xb4\x98\
\xad\xd3\xde\xec\x83\xaf\x82\xe5\x0c\x83\x69\x26\x05\xdb\xa8\xbe\
\xb2\x82\xdb\xb6\xdd\x86\xbb\xee\xba\x0b\xc9\xc9\xc9\x51\x2d\x63\
\x6c\x6c\x0c\xfd\xfd\xfd\x31\xd7\xf1\x03\x00\x55\x55\x61\xb5\x5a\
\xe7\xed\x54\x87\x89\x64\x36\x9b\xa1\x28\x4a\x4c\xdf\x5d\x06\xca\
\xe3\x78\xbd\x5e\x74\x76\x76\xa1\xb8\xb8\x88\x17\x0a\x4a\x28\x8e\
\x62\x26\xa2\x79\x47\x08\x60\xd7\xae\xbb\xb0\x63\xe7\x76\x58\xad\
\x16\x18\xba\x1e\xbf\x85\x87\xd1\x97\xce\x98\x32\xf3\xc7\x74\x7f\
\x24\x26\x06\x83\x4c\xfa\x3b\x55\xf5\xff\xb9\xc9\x67\x48\x4c\xcc\
\x13\x1d\x76\xb0\x0d\x47\x20\x9c\x7a\xbd\x5e\x7c\xe1\x8b\x4f\xe0\
\x4f\xbe\xf9\x0d\x64\x65\x65\x45\xbd\xa9\x3a\x3b\xbb\x70\x35\xd8\
\x62\x15\x5a\xb4\x3b\x92\x5a\x7e\x42\x40\x37\x0c\xac\xab\xae\xc6\
\x13\x9f\xff\xfc\x92\x7a\xbd\x1c\xb4\x79\xf3\x66\xec\xd8\xb1\x3d\
\xb6\x90\x28\x04\xa4\x10\x70\x38\x1c\x38\xd6\x70\x94\x17\x09\x62\
\x40\x24\xa2\xa5\xa9\xae\x6e\x23\x1e\x7f\xec\x31\x2c\x2f\x2b\x83\
\xaa\xaa\xd3\xdf\x58\x23\x2d\x3a\xbc\x98\x2f\xe6\x42\x00\x8a\x02\
\x8f\xc7\x83\x7b\xee\xb9\x1b\x4f\x3f\xfd\x14\x8a\x8b\x8b\x63\x6a\
\x7d\x3d\x7e\xf4\x18\xde\xff\xed\xef\xfc\xaf\x97\x03\xcb\x1f\x4f\
\xf0\x11\x2c\x57\x4a\x89\xd2\xb2\x32\xd4\x6e\xa8\x5d\xf4\x33\xa8\
\x4c\x67\xf5\xea\x55\x58\x5f\xb3\x7e\xf2\x80\xa9\x28\xf5\x5c\xef\
\xc1\xeb\xaf\xbd\xce\x03\x9e\x18\x10\x89\x68\xe9\xba\xff\xb3\xf7\
\xe3\x6b\x5f\xff\x1a\x72\xf3\x73\xa1\x87\xb6\x22\x06\x83\x61\x84\
\x41\x65\x51\x99\x32\x0d\x9f\x94\x12\x3e\x9f\x0f\x25\xc5\xc5\x78\
\xf2\xcb\x5f\x42\x5d\x5d\x5d\x4c\xad\x75\x86\x61\xa0\xb7\xbf\x0f\
\x8e\x61\x47\x5c\xfa\x0c\x66\x66\x65\x22\x2f\x3f\x6f\x49\xf5\x3f\
\x0c\xca\xce\xce\x46\x49\x49\x69\xcc\xe1\x58\x08\x01\x8f\xd7\x83\
\xcb\xcd\xec\x87\x48\x0c\x88\x44\xb4\x84\x99\xcd\x66\xec\x7d\x6c\
\x2f\xfe\xcb\x1f\xff\x31\x0a\x0b\x0b\xfd\x53\xe3\x05\xeb\x04\x06\
\x5e\xe9\x2e\x59\x53\xc2\xb1\x4f\xd3\x50\x54\x54\x88\xbf\xfc\xcb\
\xbf\xc0\xae\x5d\xbb\x60\xb5\x5a\x63\x5a\xbc\xc3\xe1\x40\x5f\x5f\
\xef\xf4\x05\xc4\x23\x68\xb9\x95\x52\x22\x35\xd5\x86\xe2\xe2\xa2\
\x25\xbd\xbf\x2c\x66\x13\x34\x4d\x8b\x78\x1b\x4c\x9d\x62\x52\x4a\
\x89\x31\xd7\x18\xba\xba\xba\x96\x64\x7f\x4e\x62\x40\x24\x22\x02\
\x00\x64\x66\x66\x62\xef\x63\x7b\xf1\xb9\xcf\x3d\x88\xd4\xd4\x54\
\x68\x21\x21\xf1\x86\x90\xb2\xd4\x5e\x39\x07\xb6\x83\xae\xeb\x28\
\x2a\x2c\xc4\x9f\xff\xc5\x9f\xe3\xb1\xcf\x3f\x8e\x8c\x8c\x8c\x98\
\x16\x6b\x18\x06\x2e\x5e\xbc\x88\x73\x67\xcf\xdd\xf2\xb3\xc3\x59\
\x56\x65\x65\x15\x6a\x6b\x6a\x96\xe4\xeb\xe5\xa0\x95\xe5\xe5\xa8\
\xab\xad\x85\xc9\x64\x8a\x2c\xd8\x4d\xf3\xb3\x1e\xb7\x1b\x1f\xbc\
\xff\xbb\xa5\xfd\x80\x44\x0c\x88\x44\x44\xcb\x96\x2d\xc3\xd3\x5f\
\xf9\x0a\xbe\xf0\xc5\x2f\x20\x23\x23\x03\x9a\xa6\x4d\x1a\x24\xb2\
\x54\x49\x29\x61\x18\x06\x96\x15\x14\xe0\x9b\xdf\xfc\x06\xbe\xf0\
\x85\x27\x90\x92\x92\x12\xf3\x72\x7d\x3e\x1f\x4e\x1c\x3f\x89\x33\
\x67\x1a\x27\x95\xb7\x11\x11\x86\xc3\xe0\x3a\x56\x57\xaf\x45\xf5\
\xba\xea\x25\x1d\x10\xd7\x55\x57\xe3\x33\x77\xdf\x85\xa4\xa4\x24\
\x18\x21\x5d\x03\x6e\xb9\xfd\xa6\x1c\xe7\x42\x08\x0c\x8f\x8c\xe0\
\x95\x57\xfe\x83\x2d\x88\x94\x50\x2c\x73\x43\x44\x0b\xc2\xda\xb5\
\x6b\xf0\xcd\x6f\xfe\x09\x52\x6d\x36\x3c\xff\xfc\xf3\x18\x1c\x1a\
\x84\x22\x4c\x93\xb3\xca\x12\x6a\x51\x31\x0c\x03\xaa\xaa\x62\xdd\
\xba\x6a\xec\xdd\xbb\x17\x4f\x3e\xf5\xe5\xb8\x84\x43\x00\xf0\x78\
\x3c\xe8\xea\xea\x82\x63\xd8\x71\xe3\x34\x80\x51\x84\x92\x65\x85\
\xcb\xb0\x6c\xd9\xb2\x25\x7d\xfc\x66\xe7\x64\x63\x65\x79\x39\xcc\
\x66\x0b\xa2\x2b\x37\x3e\xc1\xeb\xf5\xe2\x4c\xe3\x59\x78\x3c\x1e\
\x24\x25\x25\xf1\xe2\x40\x0c\x88\x44\xb4\xb4\x95\x95\x95\xe2\xff\
\xfa\xcb\xbf\x40\x46\x66\x3a\x7e\xf0\x83\x7f\x81\x6b\xd4\x15\x9f\
\x42\xda\x0b\x88\x0c\x7c\x5f\x8b\xc5\x82\x2d\x5b\xb7\xe0\x4f\xff\
\xf4\xdb\xa8\xaf\xaf\x8f\xba\xd6\xe1\x74\xec\x43\x76\x0c\xd9\x87\
\xc6\x43\x68\xe8\x67\x47\xba\xae\x56\x8b\x05\xb9\xb9\xb9\x7c\x1d\
\x0a\x20\x2d\x2d\x15\x56\xab\x05\x8a\x12\xe3\xb6\x10\x02\x8a\x10\
\xe8\xb9\xde\x8b\xb2\xe5\xa5\xb3\xbb\x6d\x45\xcc\xf9\x96\x16\x08\
\xbe\x62\xa6\x9b\x5c\x05\x80\xc5\xf2\x12\x8f\x2f\x62\x16\x8f\x94\
\x94\x14\x7c\xe7\x3b\xdf\xc1\xdf\xfe\xed\xdf\xa0\xa8\xb8\x68\xbc\
\x4f\xd7\x52\x78\xdd\x26\xa5\x84\xa2\x28\xc8\xca\xcc\xc2\x17\x9e\
\xf8\x3c\x7e\xf4\xa3\x67\xb0\x73\xe7\xce\xb8\x86\x43\x9f\xcf\x87\
\xa6\x4b\x97\xd0\xda\xdc\x16\x97\xf5\xad\xad\xad\x41\x65\x45\x25\
\x03\x22\x80\xf4\xb4\x34\xe4\xe7\xe5\xc1\x1c\x69\x3f\xc4\x1b\x37\
\x2c\xa4\x04\x4e\x9c\x38\xe9\x1f\xb8\x35\x9b\x17\x52\x29\x78\x41\
\x65\x40\xa4\x59\xbe\xf2\x4f\xec\x94\x29\xa3\xd6\xe6\x36\x56\x2d\
\xfc\x9e\x5e\xec\xab\xb6\x38\x3d\xf1\xc4\x13\xf8\xf1\x8f\x7f\x84\
\xcf\x3f\xfe\x38\xac\x16\xcb\x8c\x37\x5c\x25\xdc\x60\x62\x18\x93\
\xca\xc6\xc4\xf5\xdc\x36\x8c\x9b\xbf\x9a\x9d\xf2\x33\x4a\x60\xfa\
\xbd\xe9\x02\xd7\xb6\xfa\xad\xf8\xe7\x7f\xfe\x47\xfc\xb7\xff\xfe\
\xdf\x90\x9b\x9b\x1b\xf7\xc2\xd3\xc3\xc3\xc3\x38\x74\xe0\x10\x2e\
\x5c\xbc\x00\xd5\xa4\x8e\x3f\x2e\x4e\x0a\x78\x11\x0c\x06\xda\xb4\
\x65\x0b\x56\xaf\x5e\xc5\x80\x08\x60\xf9\x8a\x15\xd8\x71\xfb\x0e\
\xa4\xd8\x6c\x11\xf5\x43\xbc\xe1\xf1\x3d\x30\xa3\xca\x2f\x7f\xf1\
\x0b\xb8\xdd\xee\xd9\xbd\x9a\x4a\x83\xb5\x47\x19\x10\x69\xae\x02\
\x62\x58\x33\x2c\x50\xf8\x17\x53\xf0\x8d\xc8\x62\x64\x32\x99\x50\
\xbb\xa1\x16\x7f\xf3\xdd\xff\x81\x67\x7e\xf4\x0c\xb6\x6c\xd9\x0c\
\x45\x11\x93\xeb\x25\x62\xf2\xac\x28\x37\xbf\x1a\x4e\xcc\xd5\x3c\
\x29\x54\x1a\xb7\xbe\x21\x8a\x19\x1e\xea\x94\x60\x29\x9e\xa9\xb3\
\xb7\x84\x06\xac\xe0\xff\x87\xfc\x8c\x21\xe5\xf8\xba\x18\x86\x01\
\x5d\xd7\x91\x9b\x9b\x8b\xef\x7f\xff\x7f\xe2\x99\x67\x9f\xc1\x67\
\xee\xbe\x2b\xe6\x91\xca\x33\x71\xbb\xdd\xe8\xe9\xed\x81\xd3\xe9\
\x84\x22\x94\x89\x87\xac\xd0\x10\x1b\x66\xfd\x49\x45\x51\x50\xb1\
\x7a\x35\xf2\x0b\xf2\x79\xc0\x02\x28\x2c\x2c\xc4\xfa\xf5\x35\x48\
\x4b\x4b\x8b\xad\x05\x51\x51\xa0\x69\x1a\x8e\x36\x34\xc0\xeb\xf1\
\x86\xbf\x2c\xe1\x0f\x78\x42\x46\x79\x4d\x0c\xee\x77\x5e\x50\x97\
\xc6\x35\x96\x9b\x60\x9e\x84\x18\x45\x81\x22\x44\xf8\x37\xb3\x44\
\xaf\x8f\xf0\x47\x2b\xb9\x08\xe2\x95\x0c\xc4\x44\x83\x4f\x45\x8b\
\xef\x09\x57\x51\x90\x9e\x9e\x8e\x7b\xef\xdd\x85\xca\xca\x0a\x1c\
\x3c\x70\x10\xff\xfe\x6f\xbf\xc0\xb9\xc6\x73\xf0\xe9\x1a\xcc\x66\
\x73\x48\xcb\x95\xc0\x74\x6d\xc9\xc1\xd6\x31\x63\xca\x43\xda\xa4\
\xe0\x78\x8b\x07\xbb\x99\xce\xda\x19\xcf\xe7\xd0\x70\x35\x4d\xd0\
\x0a\x16\xbd\x36\x9b\xcd\xd8\xbc\x69\x13\x9e\x7e\xfa\x29\xd4\xd6\
\x6d\xc0\xaa\x55\xe5\x71\x7d\x9d\x3c\xdd\xe7\x76\x76\x75\xa1\xb7\
\xaf\xef\x86\xfe\x87\xb7\xdc\x16\xd3\x7d\x7f\xc3\x40\x46\x46\xc6\
\x8d\xcb\x59\xa2\x54\x55\x41\x7e\x7e\x1e\x92\x93\x93\xa1\x04\xe6\
\xea\x8e\x25\x28\xfa\x34\x2f\xfa\x07\xfa\x91\x9b\x97\x1b\xe6\x0e\
\x16\x80\x50\x62\x6a\x80\xf0\x9f\x4f\x4c\x88\x0c\x88\x94\x70\x86\
\x6e\xc0\xed\xf6\xc0\xeb\xf3\xf9\x6f\x26\x86\x31\x2f\x66\x87\xd0\
\x34\x0d\x5e\xaf\x07\xba\xa6\x2d\xe8\xbe\x5d\xd2\xe7\x83\xee\x1a\
\x83\xae\x79\xa1\x62\xf2\xcd\x9c\xad\xb4\xf1\x89\xdf\x42\xd3\x60\
\x8c\xb9\x21\x75\x7d\xce\xb6\xaa\xc9\x64\x42\x79\x79\x39\xf2\xf3\
\xf3\x51\x57\x57\x87\xb3\x8d\x8d\xf8\xdd\xfb\x1f\x60\xff\xfe\xfd\
\xb0\xdb\xed\x50\x55\x15\x26\x93\x29\xe4\xe6\x26\x27\x3f\x40\x48\
\x19\xdd\x03\x5a\x1c\xcf\x53\x5d\xd7\xa1\xeb\x3a\x84\x50\x90\x9e\
\x9e\x86\x3f\xf8\x83\xdf\x43\x5d\xdd\x46\x94\x97\xaf\x44\xf9\xaa\
\xf2\xb8\x8d\x50\xbe\x19\x87\xdd\x8e\xa3\x47\x8e\xe2\x52\xd3\xa5\
\x49\x45\x9d\x65\x48\x98\x8e\x24\x1c\xd6\xd4\xac\x47\x69\x69\x09\
\x4f\x93\x10\x19\x19\xe9\xc8\xcd\xcd\xc1\x95\x2b\xfe\x69\x11\xa3\
\x2d\xfd\xe3\x3f\x54\x0d\x1c\x3c\x70\x10\x25\x25\x25\x48\x4d\x4d\
\xbd\xe5\xef\xb8\xdd\x9e\xe9\x0b\x9f\x47\xb0\x4f\xa5\x94\x70\x7b\
\xdc\xd0\xe2\x39\x3f\x3a\x31\x20\xd2\x8d\x4f\x62\x29\x36\x1b\xd6\
\xae\xa9\x86\xdd\x6e\x87\xd9\x6c\x0e\x9c\xf5\x73\xdb\x84\x2f\x04\
\xe0\x76\x7b\xb1\xbc\xac\x14\xd9\x39\xd9\x0b\x77\xfb\x2a\x02\xc9\
\x85\x05\xc8\xdf\x52\x0f\xc5\x62\x81\xc9\x9a\x14\x08\x00\x06\x04\
\x04\x03\x62\x8c\x94\xf1\xd6\x0f\x81\x9c\xba\x3a\x58\x73\xb3\xe7\
\xbc\x65\x21\x35\x35\x15\x1b\xea\x36\xa0\x6a\x4d\x15\x36\x6e\xdc\
\x88\x7b\x77\xef\x42\x6b\x4b\x2b\x4e\x9e\x38\x89\xe3\xc7\x8f\x63\
\x64\x74\x74\x7c\x14\xf0\x44\x60\xbc\x45\xac\x0d\x86\xc6\x38\x86\
\x41\x29\x25\x34\x4d\x83\x61\x18\xfe\x11\xc9\x66\x33\x8a\x8a\x0a\
\x71\xff\xfd\xf7\x61\xc5\xca\x95\x28\x2c\x2c\x44\x7d\xfd\x56\x14\
\x14\x14\xcc\x6a\xeb\x9b\xdb\xe3\xc1\xe8\xe8\x28\x96\x15\x14\xa0\
\xa8\xb0\x30\xb0\x3b\x03\x33\xd7\x40\x40\xc2\x08\xeb\xfa\xe1\x7f\
\xd6\x35\xf0\xf9\x27\x3e\x8f\x15\x2b\x57\xf0\x64\x09\x51\x58\x58\
\x88\xcf\x7e\xf6\x7e\x48\x09\x38\x1c\x76\x58\x2c\xe6\xa8\xba\xf4\
\x49\x09\x28\x50\xd0\xd6\xd2\x06\xb7\xdb\x1d\x56\x40\x5c\xb3\xa6\
\x12\x43\x43\x43\x50\x14\x01\x45\x11\x11\x7d\xae\x10\x80\xa6\x19\
\x30\x9b\xcd\x58\x57\x5d\x8d\xcc\xcc\x0c\xee\xcc\xc5\x9e\x51\x24\
\x2b\x6d\xce\xa9\xd1\x91\x51\x5c\xb9\x72\x05\x7d\x7d\x7d\xf3\xa6\
\x13\xb7\x10\xfe\x7e\x5c\x29\x36\x1b\xaa\xaa\x2a\x17\x6c\x89\x0a\
\x43\xd3\x30\xd6\xd3\x87\x91\xab\x6d\x70\xf7\xf5\x43\xa8\x8a\xbf\
\x7f\xb5\x90\x7c\x41\x12\xa7\xe3\x24\x98\xac\x92\x96\xe5\x23\xa3\
\x62\x25\x92\x72\x73\xe6\xcf\xfe\x37\x0c\x68\x9a\x86\x91\x91\x11\
\x5c\x6a\xba\x84\xe3\xc7\x8f\xa3\xa7\xa7\x0f\x9d\x5d\x9d\xb8\xd4\
\x74\x09\x1d\xed\xed\x70\xba\x5c\x93\x06\x0b\x04\x5b\x73\x26\x0d\
\xfc\x08\xf6\xb9\x9b\xe9\x2e\x3d\xc3\x2b\xe2\x60\x11\xeb\xe0\xbf\
\x4f\x4c\x0d\x28\x90\x9c\x9c\x84\x95\x2b\x57\x60\xcd\x9a\x35\xc8\
\xcf\xcf\x47\x46\x46\x06\x56\xae\x5c\x81\xad\x5b\xb7\x20\x2f\x3f\
\x1f\x26\x93\xc9\xff\xc0\x38\xcb\x9c\x4e\x27\x2e\x5e\xb8\x88\xde\
\xde\x3e\x58\x2c\x16\x48\x19\x1a\x08\x05\x24\x6e\x7d\xee\x04\x5f\
\x9b\x4a\x29\xb1\xb6\xba\x1a\x45\x45\x85\x4b\xba\x40\xf6\x54\x3e\
\x4d\x43\x77\x57\x37\xda\xda\xda\xe0\x72\xb9\x60\x52\xd5\x18\xde\
\xd2\x08\x58\xad\x16\x6c\xde\xb2\x39\xac\x16\xe6\x93\x27\x4f\xa1\
\xbf\xbf\x3f\x90\xfb\x23\xab\x69\x19\xec\x86\x21\x84\x40\x76\x76\
\x16\x56\xac\x58\x81\xec\xec\x6c\xee\x50\x06\x44\x4a\xe4\x4d\x4c\
\xd7\xf5\x79\xf9\x1a\x57\x08\x01\x55\x55\x17\xf4\xc5\xdd\xd0\x34\
\xe8\x1e\x2f\xa0\x1b\xb7\x6e\x29\xa2\x08\x6f\x4d\x21\x41\xd1\xa4\
\x42\xb5\x98\x21\xe6\x69\x5f\x33\x9f\xcf\x07\x8f\xc7\x03\xf7\x98\
\x7f\x00\xc6\x85\xf3\x17\x70\xf6\x6c\x23\x06\x07\x07\xe1\x76\xbb\
\x31\x32\x32\x02\x87\x7d\x18\x3d\xbd\xd7\xe1\x1e\x73\xc3\xee\x70\
\x8c\x87\x1c\xfd\x66\x83\x54\x42\x02\xa2\xa2\x28\x50\x14\x05\x52\
\x4a\xa8\x8a\x82\xa4\xe4\x64\xa4\xa5\xa7\x21\x3b\x2b\x0b\xe9\xe9\
\xe9\xc8\xc8\xc8\x40\x6a\x6a\x2a\x54\x55\x45\x56\x76\x16\x36\x6c\
\xa8\x45\xf5\xda\x6a\xe4\xe5\xe7\xc3\x6c\x36\xc1\x62\xb1\xc0\x6a\
\xb5\xce\xe9\xc3\x58\x30\x54\xcb\x38\xd5\x96\x34\x99\x4c\x0c\x87\
\x33\x6e\xe7\xf8\x74\xc9\x90\x52\xc2\x6c\x36\x87\xb5\x9d\x7d\x3e\
\x6d\x4a\xe8\x8f\x4e\xf0\x58\xe7\xbe\x65\x40\x24\x22\x5a\x54\x37\
\x67\xb7\xdb\x0d\xa7\xd3\x09\xaf\xd7\x07\x5d\xd7\x30\x38\x38\x84\
\xbe\xde\x5e\x34\xb7\xb4\xc0\x39\x32\x8a\xd3\x67\xcf\xfa\xe7\x7c\
\x86\xbf\xc5\x47\x1a\x72\xc6\x1b\x6b\xb0\xc5\x4c\x55\x4d\x30\x9b\
\x4d\xd0\x75\x1d\x56\x8b\x05\x85\x85\x85\x28\x5b\xb1\x1c\x85\x85\
\x85\xc8\xcb\xcd\x45\x6e\x5e\x1e\xd2\xd2\x52\xc7\x83\x53\x6a\xbf\
\xa0\xe8\xa8\x00\x00\x01\x9f\x49\x44\x41\x54\x6a\x2a\x92\x93\x93\
\x59\xfe\x85\x88\x18\x10\x89\x88\xe6\x23\x19\xa8\x2b\xe7\x72\xb9\
\xa0\xeb\x3a\x1c\x21\x2d\x88\x32\x50\x94\xd8\xdf\xda\x73\xe3\x48\
\x68\x7f\x40\x0c\x94\xba\x09\x64\x3d\x45\x28\x48\x4e\x49\x46\x72\
\x72\x32\xac\x56\x2b\x2c\x16\x4b\xdc\xeb\x15\x12\x11\x31\x20\x12\
\x11\x11\x11\xd1\xac\x61\x07\x02\x22\x22\x22\x22\x62\x40\x24\x22\
\x22\x22\x22\x06\x44\x22\x22\x22\x22\x62\x40\x24\x22\x22\x22\x22\
\x06\x44\x22\x22\x22\x22\x62\x40\x24\x22\x22\x22\x22\x06\x44\x22\
\x22\x22\x22\x62\x40\x24\x22\x22\x22\x22\x06\x44\x22\x22\x22\x22\
\x62\x40\x24\x22\x22\x22\x22\x06\x44\x22\x22\x22\x22\x62\x40\x24\
\x22\x22\x22\x22\x06\x44\x22\x22\x22\x22\x62\x40\x24\x22\x22\x22\
\x22\x06\x44\x22\x22\x22\x22\x62\x40\x24\x22\x22\x22\x22\x06\x44\
\x22\x22\x22\x22\x62\x40\x24\x22\x22\x22\x22\x06\x44\x22\x22\x22\
\x22\x62\x40\x24\x22\x22\x22\x22\x62\x40\x24\x22\x22\x22\x22\x06\
\x44\x22\x22\x22\x22\x62\x40\x24\x22\x22\x22\x22\x06\x44\x22\x22\
\x22\x22\x62\x40\x24\x22\x22\x22\x22\x06\x44\x22\x22\x22\x22\x62\
\x40\x24\x22\x22\x22\x22\x06\x44\x22\x22\x22\x22\x62\x40\x24\x22\
\x22\x22\x22\x06\x44\x22\x22\x22\x22\x62\x40\x24\x22\x22\x22\x22\
\x06\x44\x22\x22\x22\x22\x62\x40\x24\x22\x22\x22\x22\x06\x44\x22\
\x22\x22\x22\x62\x40\x24\x22\x22\x22\x22\x06\x44\x22\x22\x22\x22\
\x62\x40\x24\x22\x22\x22\x22\x06\x44\x22\x22\x22\x22\x62\x40\x24\
\x22\x22\x22\x22\x06\x44\x22\x22\x22\x22\x22\x06\x44\x22\x22\x22\
\x22\x62\x40\x24\x22\x22\x22\x22\x06\x44\x22\x22\x22\x22\x62\x40\
\x24\x22\x22\x22\x22\x06\x44\x22\x22\x22\x22\x62\x40\x24\x22\x22\
\x22\x22\x06\x44\x22\x22\x22\x22\x62\x40\x24\x22\x22\x22\x22\x06\
\x44\x22\x22\x22\x22\x62\x40\x24\x22\x22\x22\x22\x06\x44\x22\x22\
\x22\x22\x9a\x87\xfe\x7f\xc2\x72\xa2\xe7\x90\x56\xdd\x83\x00\x00\
\x00\x00\x49\x45\x4e\x44\xae\x42\x60\x82\
"

qt_resource_name = "\
\x00\x07\
\x07\x3b\xe0\xb3\
\x00\x70\
\x00\x6c\x00\x75\x00\x67\x00\x69\x00\x6e\x00\x73\
\x00\x04\
\x00\x04\x8b\x6d\
\x00\x44\
\x00\x46\x00\x52\x00\x4d\
\x00\x09\
\x06\x15\x88\x07\
\x00\x69\
\x00\x63\x00\x6f\x00\x6e\x00\x32\x00\x2e\x00\x70\x00\x6e\x00\x67\
"

qt_resource_struct = "\
\x00\x00\x00\x00\x00\x02\x00\x00\x00\x01\x00\x00\x00\x01\
\x00\x00\x00\x00\x00\x02\x00\x00\x00\x01\x00\x00\x00\x02\
\x00\x00\x00\x14\x00\x02\x00\x00\x00\x01\x00\x00\x00\x03\
\x00\x00\x00\x22\x00\x00\x00\x00\x00\x01\x00\x00\x00\x00\
"

def qInitResources():
    QtCore.qRegisterResourceData(0x01, qt_resource_struct, qt_resource_name, qt_resource_data)

def qCleanupResources():
    QtCore.qUnregisterResourceData(0x01, qt_resource_struct, qt_resource_name, qt_resource_data)

qInitResources()
